factor_id,candidate_index,horizon,cost_bp,q,positive_validation_blocks,worst_validation_block_bp,validation_rank_ic,validation_trades,validation_trades_per_year,validation_cagr,validation_sharpe,validation_max_drawdown,validation_calmar,validation_mean_gross_bp,selection_rank_ic,selection_trades,selection_trades_per_year,selection_cagr,selection_sharpe,selection_max_drawdown,selection_calmar,selection_mean_gross_bp,frequency_retention,balanced_cagr,lineage_hash,orientation,threshold_q95,components,weights,positive_selection_folds,worst_selection_fold_return,positive_selection_years,top_one_selection_profit_share,top_five_selection_profit_share,development_candidate,historically_stable_candidate,core_candidate,tier,mechanism,input_fields,latest_availability
BTC_LONG_aad29e2812bcd407_2d,827873,2d,5.0,95,4,71.32598795406146,0.0267072031650601,92,68.73780284251124,2.236295048713411,2.753701860653507,-0.2227739647993147,10.0384039523109,191.16130745325785,0.0267568355591403,379,109.86488095238096,0.7397785044997667,1.4739529620966738,-0.4294863392407251,1.722472723597209,64.06719929048803,1.5983181947799248,0.7397785044997667,aad29e2812bcd407,1,2.2402844429016113,x_flow_mean_288|(x_flow_autocorr_12*m1_return_efficiency_5)|(x_flow_mean_72*x_return_sum_3)|(x_flow_std_3*x_volume_surprise_72),1|0.5|1|0.5,7,0.02705307116240674,4,0.030039604284162774,0.12095534259038035,True,True,False,历史稳定,主动流与价格响应,m1_return_efficiency_5|x_flow_autocorr_12|x_flow_mean_288|x_flow_mean_72|x_flow_std_3|x_return_sum_3|x_volume_surprise_72,m1_feature_available_time <= decision_time
BTC_LONG_8a7646dc5ccbd0f9_1d,670320,1d,5.0,99,4,186.9806315503969,0.0731046621823858,35,26.150251081390145,0.7500813245789624,1.9592848223933952,-0.130728356156095,5.737709450605609,236.28396574124568,0.0272656416385041,152,44.06190476190476,0.5451220504221299,1.7880513068155437,-0.2353341743283957,2.316374372646118,111.34572684942589,1.6849514991181658,0.5451220504221299,8a7646dc5ccbd0f9,-1,1.5660862922668457,x_flow_mean_288|tanh(m1_realized_vol_curve_5_15)|signed_sqrt(m1_flow_surprise_15),-0.5|1|0.5,7,0.06551099270908906,4,0.04907752550656157,0.19228122150062213,True,True,True,核心,有符号波动与区间扩张,m1_flow_surprise_15|m1_realized_vol_curve_5_15|x_flow_mean_288,m1_feature_available_time <= decision_time
BTC_LONG_a18389afb4e8507e_2d,782370,2d,5.0,97,4,88.30403530963507,0.0780759279077114,74,55.289102286367736,1.0909631884479176,1.9201101690410665,-0.2191237689953199,4.978753302072029,154.5879768044604,0.0561498175538689,224,64.93333333333334,0.5450247372699177,1.4169626866715297,-0.2381314428124664,2.2887558687457172,81.17974182589134,1.174432766099433,0.5450247372699177,a18389afb4e8507e,-1,2.1008262634277344,tanh(x_vwap_pressure_3)|tanh(x_trade_surprise_12)|signed_sqrt(x_return_autocorr_288)|(x_flow_mean_12*x_return_sum_12),0.5|1|-1|-0.5,5,-0.05868629797150826,4,0.039563762287472465,0.1694533156841063,True,True,False,历史稳定,成交重心与区间位置,x_flow_mean_12|x_return_autocorr_288|x_return_sum_12|x_trade_surprise_12|x_vwap_pressure_3,m1_feature_available_time <= decision_time
BTC_LONG_774a2fa3bbfb3bcf_3d,577815,3d,5.0,97,4,40.58296206964929,0.0330008253335147,46,34.36890142125562,0.7134254417318888,1.566766882351824,-0.3513051954321448,2.0307853427965834,183.62164466037677,0.0238574073475037,177,51.308928571428574,0.5339399345457987,1.3251353895201647,-0.3259143713505851,1.638282878822306,101.8060372177272,1.4928882347020933,0.5339399345457987,774a2fa3bbfb3bcf,-1,1.2397798299789429,x_trade_size_surprise_3|signed_sqrt(x_flow_mean_288),1|-0.5,5,-0.1508119948953715,3,0.06163539195679575,0.18381843177469442,False,True,False,历史稳定,复合市场状态,x_flow_mean_288|x_trade_size_surprise_3,m1_feature_available_time <= decision_time
BTC_LONG_a67a467959c6c593_2d,806721,2d,5.0,97,4,121.04237300631203,0.0517675773934241,68,50.80620210098657,1.2773838960039838,2.953399805561326,-0.0707193287126404,18.062726545305335,175.40481223501226,-0.0125709286060154,308,89.28333333333333,0.5310688384699223,1.342632101795693,-0.2603925576580501,2.0394931531312297,60.08550099123105,1.7573313816267249,0.5310688384699223,a67a467959c6c593,1,1.189208984375,tanh(x_flow_mean_curve_72_288)|signed_sqrt(x_range_surprise_3),1|-0.5,6,-0.0344155792462546,3,0.03368836419229282,0.1419304175054852,True,True,False,历史稳定,有符号波动与区间扩张,x_flow_mean_curve_72_288|x_range_surprise_3,m1_feature_available_time <= decision_time
BTC_LONG_69d7c8d06b8ae442_3d,512218,3d,5.0,95,4,67.26307477469015,-0.0061910137116887,74,55.289102286367736,1.1403903061161325,1.76460642724738,-0.2263154197410816,5.038942142876554,164.464412076765,0.0083232442382939,290,84.06547619047619,0.5277507104487911,1.1499628734066594,-0.3952619444331685,1.335192314569064,67.43704081343527,1.5204709918251584,0.5277507104487911,69d7c8d06b8ae442,-1,1.021852731704712,(x_flow_return_corr_12*x_return_efficiency_3)|(x_flow_mean_72*x_trade_surprise_3),-0.5|1,5,-0.26807744484394247,3,0.03398953297099984,0.13687689146576967,True,True,False,历史稳定,主动流与价格响应,x_flow_mean_72|x_flow_return_corr_12|x_return_efficiency_3|x_trade_surprise_3,m1_feature_available_time <= decision_time
BTC_LONG_18736382b197243b_3d,118218,3d,5.0,97,4,21.06301128484567,0.0646281556817107,63,47.07045194650226,0.6590173821825602,1.350531501683054,-0.2746802850025706,2.399216173000523,133.44026095998248,0.0632307546767138,244,70.73095238095237,0.5098503349820365,1.2197061095137975,-0.4181037582992746,1.219434948530385,74.88770134723505,1.5026614246521652,0.5098503349820365,18736382b197243b,1,0.6715489625930786,tanh(x_flow_mean_12)|tanh(x_time_cos_week),0.5|0.5,6,-0.1925150578066061,4,0.035710278804099105,0.14201518793339105,True,True,False,历史稳定,复合市场状态,x_flow_mean_12|x_time_cos_week,m1_feature_available_time <= decision_time
BTC_LONG_6e133e86c2c01d4b_3d,532860,3d,5.0,99,4,4.686534336521856,0.0522595521665128,32,23.90880098869956,1.1005339573593758,2.4455530626641457,-0.1385649566428505,7.942368575887398,336.41716095788496,0.0191270160100206,131,37.97440476190476,0.4906994873668917,1.4742301785027176,-0.2458599518117742,1.9958496036091395,121.60983060921012,1.5883023485725307,0.4906994873668917,6e133e86c2c01d4b,-1,2.0905404090881348,x_flow_mean_72|tanh(x_return_sign_bias_3)|tanh(x_time_sin_day),-1|1|-1,6,-0.11528894785558425,4,0.06505670812045825,0.23431561482248225,True,True,True,核心,复合市场状态,x_flow_mean_72|x_return_sign_bias_3|x_time_sin_day,m1_feature_available_time <= decision_time
BTC_LONG_bc8cc20c800b4673_3d,913913,3d,5.0,97,3,-149.43788896192933,0.0132206181599171,45,33.62175139035876,0.5465783073969837,1.214301756304889,-0.3071252602127242,1.779659240722847,161.80199606882897,0.0292047201290086,195,56.526785714285715,0.4680511063685613,1.2320638223848377,-0.2476532661171961,1.889945219406341,84.42942527795343,1.6812564300411523,0.4680511063685613,bc8cc20c800b4673,1,1.0962059497833252,tanh(x_volume_surprise_curve_3_12)|signed_sqrt(x_flow_sign_bias_288)|(x_flow_sign_bias_72*x_trade_surprise_12),0.5|0.5|-0.5,7,0.023072407349334967,4,0.0461432026716009,0.1843515847011169,True,True,False,历史稳定,主动流持续与反转,x_flow_sign_bias_288|x_flow_sign_bias_72|x_trade_surprise_12|x_volume_surprise_curve_3_12,m1_feature_available_time <= decision_time
BTC_LONG_5740defe528d6e16_2d,422240,2d,5.0,95,3,-1.204560322191196,-0.0048152387128994,66,49.31190203919285,0.4939549209617766,1.046315406313398,-0.24292190677666,2.03338977334767,110.49436145580108,-0.0026612191977423,198,57.39642857142857,0.4577147219964894,1.3094984175207336,-0.2082315423790258,2.1981046520000844,79.91480341824052,1.1639467592592592,0.4577147219964894,5740defe528d6e16,-1,2.830466985702514,(x_flow_sign_bias_72*x_return_sum_288)|(x_flow_return_corr_72*x_return_efficiency_curve_72_288),-1|1,5,-0.03649309628188335,3,0.04102798568376749,0.181442641320554,True,True,False,历史稳定,主动流与价格响应,x_flow_return_corr_72|x_flow_sign_bias_72|x_return_efficiency_curve_72_288|x_return_sum_288,m1_feature_available_time <= decision_time
BTC_LONG_022fc44040f52195_3d,10374,3d,5.0,97,4,113.21529960258636,0.0240870082614893,43,32.12745132856504,1.0792327735715117,1.7115709943269275,-0.2320245793032981,4.651372612384996,269.75291135895225,-0.0024462102565474,172,49.85952380952381,0.4561808484918261,1.1865449210467358,-0.2114140617218836,2.1577602018352717,94.128821701791,1.5519290123456788,0.4561808484918261,022fc44040f52195,1,3.328458309173584,x_flow_return_corr_curve_12_72|signed_sqrt(m1_flow_return_corr_5)|(x_flow_autocorr_72*x_return_sum_288)|(x_flow_autocorr_3*x_jump_concentration_288),-1|-0.5|-1|1,7,0.0007870190142976741,4,0.046164945157825946,0.17473146707402681,True,True,False,历史稳定,主动流与价格响应,m1_flow_return_corr_5|x_flow_autocorr_3|x_flow_autocorr_72|x_flow_return_corr_curve_12_72|x_jump_concentration_288|x_return_sum_288,m1_feature_available_time <= decision_time
BTC_LONG_a800262f87cb7ffd_3d,814192,3d,5.0,99,3,215.66045996264077,-0.0003447321751972,15,11.20725046345292,0.8110180596022578,2.1325453955716216,-0.0672243093435289,12.06435688997267,571.83260630704,0.0133160278852423,84,24.35,0.4541595651958063,1.5395221268993249,-0.2095312092577449,2.1675031934605187,172.71832541375622,2.1727006172839505,0.4541595651958063,a800262f87cb7ffd,1,1.354838728904724,x_return_sign_entropy_3|x_flow_sign_bias_288,-1|0.5,6,-0.007080708555297466,4,0.05863777230986155,0.27730890758262705,True,True,False,历史稳定,主动流持续与反转,x_flow_sign_bias_288|x_return_sign_entropy_3,m1_feature_available_time <= decision_time
BTC_LONG_665a553ed9e4f0c9_3d,495350,3d,5.0,97,4,19.32610106268362,0.0788357855982539,52,38.85180160663679,1.314249154362518,2.1452003426029997,-0.2187609445712074,6.007695555249011,243.93877710985836,0.0487897613578359,154,44.641666666666666,0.4330096307135933,1.15503687778018,-0.3854110863938353,1.1235007139133486,100.12239775585152,1.1490243649097815,0.4330096307135933,665a553ed9e4f0c9,-1,1.976186990737915,signed_sqrt(x_return_sign_bias_72)|(x_flow_std_3*x_return_sum_72)|(x_flow_mean_72*m1_return_sum_5)|(x_flow_std_72*x_return_efficiency_288),-1|-0.5|0.5|1,5,-0.1267213092632396,3,0.061962230909867425,0.2262374343823755,True,True,False,历史稳定,主动流与价格响应,m1_return_sum_5|x_flow_mean_72|x_flow_std_3|x_flow_std_72|x_return_efficiency_288|x_return_sign_bias_72|x_return_sum_72,m1_feature_available_time <= decision_time
BTC_LONG_a7a53d44b1d1b10b_2d,812484,2d,5.0,97,3,-3.366796206188699,0.0416017260213838,78,58.27770240995518,0.5303820606477745,1.2232726232009303,-0.3071327575354124,1.7268820978388193,92.8841952411086,0.0254805653876601,331,95.95059523809525,0.4272385953918438,1.063143943247359,-0.3054077137365548,1.3989122611368634,51.146960104437504,1.6464375098923711,0.4272385953918438,a7a53d44b1d1b10b,1,2.003648281097412,signed_sqrt(x_flow_mean_12)|signed_sqrt(x_flow_autocorr_288)|(x_flow_sign_bias_3*x_close_location)|(x_flow_return_corr_72*x_close_location),1|0.5|0.5|-1,6,-0.0850162593203358,3,0.02924494782007947,0.12148537136856945,True,True,False,历史稳定,主动流与价格响应,x_close_location|x_flow_autocorr_288|x_flow_mean_12|x_flow_return_corr_72|x_flow_sign_bias_3,m1_feature_available_time <= decision_time
BTC_LONG_32790d4266a3dbf2_2d,243619,2d,5.0,97,4,88.22223203934757,0.0710860896968251,58,43.33470179201796,0.9194077377289458,1.5719018864620744,-0.2415037763037832,3.8070118480153257,181.67847971980643,0.0333317221083234,174,50.43928571428572,0.4162926188501088,1.2854790180138052,-0.36957116037375,1.1264207370215495,83.25876097118703,1.1639467592592592,0.4162926188501088,32790d4266a3dbf2,1,1.979275465011597,x_return_vol_12|signed_sqrt(x_flow_sign_bias_72)|(x_flow_std_72*x_return_sum_3),0.5|0.5|0.5,5,-0.28026365118127167,3,0.038310188140031814,0.16904383644095952,True,True,False,历史稳定,主动流持续与反转,x_flow_sign_bias_72|x_flow_std_72|x_return_sum_3|x_return_vol_12,m1_feature_available_time <= decision_time
BTC_LONG_81c364516a41a911_2d,628064,2d,5.0,97,3,-87.5519363933239,0.015987917871439,67,50.059052070089706,0.5990904026601178,1.36476604945371,-0.307040271657372,1.9511785845755312,114.56011040453032,0.0119113555482766,188,54.49761904761905,0.4120705713252617,1.2373893382712762,-0.4021249884096545,1.0247325662474758,77.32889273340706,1.0886666206007003,0.4120705713252617,81c364516a41a911,-1,2.1714184284210205,m1_quote_flow_return_corr_240|tanh(m1_realized_vol_15)|signed_sqrt(x_return_autocorr_288),1|-0.5|-0.5,6,-0.26428184244829317,3,0.07352341537081962,0.2259378475240508,True,True,False,历史稳定,主动流与价格响应,m1_quote_flow_return_corr_240|m1_realized_vol_15|x_return_autocorr_288,m1_feature_available_time <= decision_time
BTC_LONG_7fefaf095239c223_12h,619265,12h,5.0,95,4,16.546099337855317,0.0624367338451099,152,113.56680469632292,0.5813286272121594,1.3947258385219838,-0.2625078763671931,2.21451879942453,51.5664924024941,0.0281062190350839,554,160.5940476190476,0.4099225556832402,1.4471665835085432,-0.2526307415405113,1.6226154947873035,28.46808018583457,1.4140932119070821,0.4099225556832402,7fefaf095239c223,1,3.531156539916992,x_vwap_pressure_288|tanh(m1_flow_mean_curve_15_60)|signed_sqrt(x_flow_mean_3)|signed_sqrt(x_downside_share_12),-1|-0.5|-1|1,6,-0.1240301700822368,4,0.0257397039653383,0.11178077379828118,True,True,False,历史稳定,成交重心与区间位置,m1_flow_mean_curve_15_60|x_downside_share_12|x_flow_mean_3|x_vwap_pressure_288,m1_feature_available_time <= decision_time
BTC_LONG_ad3c541b70ce7c4c_3d,839706,3d,5.0,97,3,-4.9557240748541105,0.0375465742228104,78,58.27770240995518,0.5719093966475166,1.1466131845431256,-0.3188535584730421,1.7936428226999683,104.7445882421304,0.0281615553457566,236,68.41190476190476,0.3881561318418611,0.9957853705008244,-0.2906366448400846,1.335537478611598,65.22974639153131,1.173895022158911,0.3881561318418611,ad3c541b70ce7c4c,-1,1.1796739101409912,x_flow_mean_3|signed_sqrt(x_time_sin_day),-0.5|-0.5,6,-0.17188476403068714,3,0.033861818229513056,0.14960352062260301,True,True,False,历史稳定,复合市场状态,x_flow_mean_3|x_time_sin_day,m1_feature_available_time <= decision_time
BTC_LONG_6e6fadb75ad48781_2d,534634,2d,5.0,97,3,18.37290566676878,0.0265023104550833,72,53.79480222457401,0.41702170412376,1.2292344718262174,-0.2377825250307055,1.7537945821288123,79.52348068088243,0.0242302732202368,235,68.12202380952381,0.3853746971363352,1.1224286948628086,-0.2869103809984514,1.3431884053662568,61.23265048998259,1.2663309649348422,0.3853746971363352,6e6fadb75ad48781,1,0.8162977695465088,signed_sqrt(m1_flow_autocorr_60)|(x_flow_mean_72*x_return_efficiency_288),0.5|0.5,6,-0.012391226823224633,4,0.03982502201194846,0.1783207948267253,True,True,True,核心,主动流与价格响应,m1_flow_autocorr_60|x_flow_mean_72|x_return_efficiency_288,m1_feature_available_time <= decision_time
BTC_LONG_978f94cff6100d1d_2d,733847,2d,5.0,97,3,-23.257281671846663,0.018660631427515,87,65.00205268802694,0.3838118840800706,0.994308512542457,-0.2957848111945557,1.2976051154554185,67.51095085967953,-0.0041354586236652,324,93.92142857142856,0.4119182855692778,1.101849894455905,-0.3839131331067796,1.072946586213056,49.24865585453582,1.4448994252873562,0.3838118840800706,978f94cff6100d1d,1,1.6326522827148438,x_flow_autocorr_3|tanh(m1_flow_std_60),1|0.5,5,-0.07990091529222909,3,0.028608580084828975,0.12749903062480947,False,True,False,历史稳定,主动流持续与反转,m1_flow_std_60|x_flow_autocorr_3,m1_feature_available_time <= decision_time
BTC_LONG_5d47cc6741d7c67e_2d,451351,2d,5.0,95,3,-5.229509791938526,0.0750994929009602,93,69.4849528734081,1.4651507152134888,2.020865719673857,-0.230011798764229,6.369893731909486,152.91360437989889,0.0271082538177874,263,76.23869047619047,0.3831334766421237,1.039443153827855,-0.4418671474969455,0.8670784393283553,57.00155795146599,1.09719712431966,0.3831334766421237,5d47cc6741d7c67e,1,2.7279069423675537,m1_flow_mean_240|signed_sqrt(x_flow_autocorr_3)|signed_sqrt(x_time_sin_week)|signed_sqrt(m1_vwap_gap_mean_60),1|0.5|1|1,6,-0.3214323245119276,3,0.04431831856323301,0.1685658083358778,True,True,False,历史稳定,主动流持续与反转,m1_flow_mean_240|m1_vwap_gap_mean_60|x_flow_autocorr_3|x_time_sin_week,m1_feature_available_time <= decision_time
BTC_LONG_986eab606b120088_2d,738194,2d,5.0,99,3,158.0321146195282,-0.0064804709474895,31,23.1616509578027,0.7121054754625356,2.3146037008720426,-0.129153455975339,5.513638563404044,249.95962836953927,0.0058940719891835,104,30.14761904761905,0.3793406621243009,1.426731506080989,-0.1228420400692216,3.0880361634383644,121.36904542605129,1.3016178813221826,0.3793406621243009,986eab606b120088,-1,1.7166045904159546,(x_flow_mean_72*x_return_efficiency_72)|(x_flow_sign_bias_72*x_trade_surprise_12),-1|1,6,-0.08294748199174606,3,0.06949343706706915,0.2592176184277689,True,True,False,历史稳定,主动流与价格响应,x_flow_mean_72|x_flow_sign_bias_72|x_return_efficiency_72|x_trade_surprise_12,m1_feature_available_time <= decision_time
BTC_LONG_3ebd17aa694e737f_3d,303345,3d,5.0,99,4,147.2748579532429,-0.0028277746402243,19,14.195850587040365,0.3773175472278895,1.1838200969635118,-0.1987161055690692,1.8987768814578667,265.5893604655869,0.027352006668021,70,20.291666666666668,0.4102774758201839,1.4195861893377022,-0.2510141977725818,1.634479162775861,191.49136507428295,1.4294083008447045,0.3773175472278895,3ebd17aa694e737f,-1,1.1102731227874756,tanh(m1_return_efficiency_5)|tanh(m1_flow_std_240)|signed_sqrt(x_flow_sign_bias_288),0.5|0.5|-0.5,7,0.004017471849371457,4,0.06193557977240882,0.25756333330346404,True,True,False,历史稳定,主动流与价格响应,m1_flow_std_240|m1_return_efficiency_5|x_flow_sign_bias_288,m1_feature_available_time <= decision_time
BTC_LONG_8f4cb2e57d3d016e_3d,693716,3d,5.0,97,4,83.65640963756883,0.0306514857860864,70,52.30050216278029,2.359785343275223,2.537473576677643,-0.2392261831363156,9.86424358879886,262.686000371799,0.0093372656706812,234,67.83214285714286,0.3765471814748091,0.9641362747599556,-0.2971889769070492,1.2670294349193862,65.13785309683242,1.2969692460317461,0.3765471814748091,8f4cb2e57d3d016e,1,0.9494611620903016,m1_return_efficiency_240|(x_flow_std_12*x_return_efficiency_curve_72_288),0.5|0.5,6,-0.12958595209400803,4,0.04738456995489467,0.16058789538473048,True,True,True,核心,主动流与价格响应,m1_return_efficiency_240|x_flow_std_12|x_return_efficiency_curve_72_288,m1_feature_available_time <= decision_time
BTC_LONG_9d731ebe50ebbe65_3d,762668,3d,5.0,95,4,77.02093041788012,0.0615641380176351,53,39.59895163753365,0.5847646786004845,1.3296682161383968,-0.1821560476077496,3.210240265311984,142.1385247105927,0.0460396362879575,205,59.425595238095234,0.351555795160924,1.0126625722971236,-0.3011482525965738,1.167384476349187,66.33314975053919,1.5006860732587932,0.351555795160924,9d731ebe50ebbe65,1,1.6783571243286133,x_flow_mean_72|tanh(x_return_autocorr_288)|(x_flow_return_corr_72*x_return_efficiency_288),1|0.5|-0.5,5,-0.04091495774066656,4,0.04694761641998365,0.18058667592714966,True,True,False,历史稳定,主动流与价格响应,x_flow_mean_72|x_flow_return_corr_72|x_return_autocorr_288|x_return_efficiency_288,m1_feature_available_time <= decision_time
BTC_LONG_53f081fb7aa13377_3d,405989,3d,5.0,97,4,94.6120802236374,0.0006150217795005,46,34.36890142125562,0.6198015838088735,1.3404737694260145,-0.2282177498016727,2.7158342606896153,171.92702066152503,0.0132534147151243,145,42.032738095238095,0.3470015142462395,0.9828279638701822,-0.3177000589819492,1.0922299333471484,92.37590024886867,1.222987536902845,0.3470015142462395,53f081fb7aa13377,1,2.623884916305542,tanh(m1_quote_flow_return_corr_5)|(x_flow_mean_3*x_return_sum_288)|(x_flow_sign_bias_72*x_jump_concentration_288),-1|1|1,5,-0.15612790607086519,3,0.044378116399925845,0.1888180692073379,True,True,False,历史稳定,主动流与价格响应,m1_quote_flow_return_corr_5|x_flow_mean_3|x_flow_sign_bias_72|x_jump_concentration_288|x_return_sum_288,m1_feature_available_time <= decision_time
BTC_LONG_13ea5183446add0e_3d,96251,3d,5.0,97,4,69.12937344179157,0.0187635747507184,64,47.81760197739912,0.8754085793252211,1.4689109848056887,-0.2734627670628019,3.20119842539361,164.03547573525807,-0.0093624746885282,230,66.67261904761905,0.3435959173627216,0.9029859469471602,-0.320821285359444,1.07098853175456,62.56791534145458,1.3943112220293212,0.3435959173627216,13ea5183446add0e,-1,1.476494073867798,tanh(x_flow_mean_72)|tanh(m1_jump_concentration_15),-1|-1,5,-0.21506703150603468,3,0.05525223692657191,0.17003864788687154,True,True,False,历史稳定,复合市场状态,m1_jump_concentration_15|x_flow_mean_72,m1_feature_available_time <= decision_time
BTC_LONG_546aae11ff7d6499_2d,408333,2d,5.0,99,4,24.62262350804256,0.0101947328195988,27,20.173050834215257,0.5364014555529453,1.5748425618521806,-0.1313067860212478,4.085100791867268,239.008229199872,0.0036802976621002,92,26.669047619047618,0.3432253914958521,1.3130097944442105,-0.2041878560118438,1.68092950383858,126.90767422022044,1.322013603109282,0.3432253914958521,546aae11ff7d6499,-1,2.024625301361084,tanh(x_return_sign_bias_288)|(x_flow_mean_12*x_return_sum_288)|(x_flow_mean_72*x_return_efficiency_72),0.5|-1|-1,7,0.003606089182335792,4,0.07252115949523286,0.27861143749440337,True,True,True,核心,主动流与价格响应,x_flow_mean_12|x_flow_mean_72|x_return_efficiency_72|x_return_sign_bias_288|x_return_sum_288,m1_feature_available_time <= decision_time
BTC_LONG_6360988c96987bed_2d,480963,2d,5.0,95,4,88.54999134472331,0.0308252287188336,45,33.62175139035876,0.6957060456368862,1.6252577449003585,-0.1687395225241955,4.122958481982956,181.03607462237855,0.024750757283198,169,48.98988095238095,0.341235293009229,1.117808559253312,-0.4019088982649418,0.8490364221403325,74.37793644106439,1.457088906035665,0.341235293009229,6360988c96987bed,-1,2.888110637664795,x_flow_sign_bias_288|signed_sqrt(x_vwap_pressure_72)|signed_sqrt(m1_realized_vol_15),-1|1|-0.5,6,-0.06900079282841282,4,0.05267778839346047,0.18447831763503852,True,True,False,历史稳定,主动流持续与反转,m1_realized_vol_15|x_flow_sign_bias_288|x_vwap_pressure_72,m1_feature_available_time <= decision_time
BTC_LONG_3cd945806cc1e41e_2d,294062,2d,5.0,99,3,-50.85862228923384,-0.0026359508928861,37,27.644551143183868,0.4052314961481724,1.5369702083320789,-0.1318858379281002,3.0725929524676565,138.10132886858756,0.0199113384925727,173,50.14940476190476,0.340365820927627,1.2130656187709248,-0.305986207049335,1.1123567438212956,70.57130317370691,1.8140791833500167,0.340365820927627,3cd945806cc1e41e,1,1.3028936386108398,m1_flow_std_5|(x_flow_mean_72*x_jump_concentration_3),-0.5|1,6,-0.1265346228509286,3,0.05658550518738437,0.22154544783749053,True,True,False,历史稳定,复合市场状态,m1_flow_std_5|x_flow_mean_72|x_jump_concentration_3,m1_feature_available_time <= decision_time
BTC_LONG_ac1d6d98aba0a2cd_2d,834234,2d,5.0,97,3,-15.987726801878924,0.0488693026668109,44,32.8746013594619,0.7333654912268337,2.124802852080936,-0.0970697657960064,7.555035135945543,183.43191853312345,-0.0127552171547343,164,47.54047619047619,0.3385670043718165,1.1187386696524035,-0.2827358230551728,1.1974676597869554,75.81428220532275,1.4461156705948373,0.3385670043718165,ac1d6d98aba0a2cd,1,0.8808938264846802,x_flow_mean_72|tanh(x_return_sign_entropy_288),0.5|-0.5,5,-0.10951401251016102,3,0.05265878274396478,0.22161948818706162,True,True,False,历史稳定,复合市场状态,x_flow_mean_72|x_return_sign_entropy_288,m1_feature_available_time <= decision_time
BTC_LONG_149214ecb27245d8_2d,99534,2d,5.0,97,4,35.488092768879156,0.0694092775795757,56,41.84040173022424,0.7817683244881486,2.164873106852219,-0.1008822056921986,7.749318317577228,152.7242142738813,0.0019457098393979,283,82.03630952380952,0.3289222031043619,0.9632747584367986,-0.2820557197814862,1.1661603719973628,47.587225383238874,1.9606960289902995,0.3289222031043619,149214ecb27245d8,-1,1.282556653022766,tanh(m1_flow_autocorr_15)|tanh(m1_flow_mean_240)|(x_flow_std_72*x_volume_surprise_72),-0.5|-1|-0.5,6,-0.10666624084606824,4,0.03376319991248899,0.1450281485116553,True,True,True,核心,主动流持续与反转,m1_flow_autocorr_15|m1_flow_mean_240|x_flow_std_72|x_volume_surprise_72,m1_feature_available_time <= decision_time
BTC_LONG_290035753dfa1e36_2d,197870,2d,5.0,97,4,49.21206078208635,0.000473551023042,78,58.27770240995518,0.5827202035179224,1.3692339957065356,-0.1968634041617473,2.9600229966517633,97.03172747209548,0.0078339455484284,305,88.41369047619048,0.3008238946751747,0.8620335359045618,-0.2629724632084667,1.143936863217127,43.29567783790247,1.5171100921968979,0.3008238946751747,290035753dfa1e36,1,1.1970735788345337,tanh(m1_flow_surprise_60)|(x_flow_mean_72*x_return_efficiency_12),0.5|1,5,-0.12656436649328368,3,0.03771923363654645,0.15129628979174414,True,True,False,历史稳定,主动流与价格响应,m1_flow_surprise_60|x_flow_mean_72|x_return_efficiency_12,m1_feature_available_time <= decision_time
BTC_LONG_301412f1a92aaecd_3d,232167,3d,5.0,99,3,-349.2051352852715,0.0781725370316949,35,26.150251081390145,2.1372278900397705,2.742689014909987,-0.1720943816680188,12.418928900088217,478.87607192110926,0.0368050126330336,113,32.756547619047616,0.2990487114468381,1.0647435006420298,-0.3347703726144221,0.8932950341793624,96.73941418357872,1.2526284171075837,0.2990487114468381,301412f1a92aaecd,-1,1.5869884490966797,tanh(x_return_sign_bias_72)|(x_flow_autocorr_3*m1_return_efficiency_15)|(x_flow_mean_72*m1_return_sum_15)|(x_flow_std_72*x_return_sum_288),-1|-0.5|-0.5|-0.5,6,-0.2685854891643021,3,0.056917570931769856,0.23207450499551666,True,True,False,历史稳定,主动流与价格响应,m1_return_efficiency_15|m1_return_sum_15|x_flow_autocorr_3|x_flow_mean_72|x_flow_std_72|x_return_sign_bias_72|x_return_sum_288,m1_feature_available_time <= decision_time
BTC_LONG_4a707af33475c4b3_12h,360136,12h,5.0,95,4,20.771863709141545,0.0343971357823413,152,113.56680469632292,1.173145571882393,2.4998581473672803,-0.1334092468949995,8.793585146355888,78.06544942574351,0.0100009101594772,575,166.68154761904762,0.2983122402345866,0.97748555963298,-0.3634550021570473,0.8207680138233101,23.60393429535233,1.467696023188759,0.2983122402345866,4a707af33475c4b3,1,1.220116376876831,tanh(x_downside_share_288)|tanh(x_range_position_curve_3_12)|signed_sqrt(x_return_sum_288),-1|1|-0.5,6,-0.19847585906881027,3,0.025517960080601195,0.10305520922900747,True,True,False,历史稳定,有符号波动与区间扩张,x_downside_share_288|x_range_position_curve_3_12|x_return_sum_288,m1_feature_available_time <= decision_time
BTC_LONG_9bf33e9f6e490f1f_2d,755312,2d,5.0,95,4,28.529569869087812,0.0528719492639197,66,49.31190203919285,0.6535536979584553,1.5417638156531792,-0.2409785616269616,2.7120823261040377,120.40293348414184,0.0022651851255363,307,88.99345238095238,0.2981474329948912,0.8585008558233245,-0.3345829853983032,0.8911015981280774,42.881122817776806,1.8047053287504673,0.2981474329948912,9bf33e9f6e490f1f,1,1.3292818069458008,x_flow_mean_curve_72_288|tanh(m1_volume_concentration_240)|(x_flow_std_72*x_close_location),0.5|-0.5|1,5,-0.04963289517845104,3,0.030647829633198145,0.13559891768553445,True,True,False,历史稳定,成交重心与区间位置,m1_volume_concentration_240|x_close_location|x_flow_mean_curve_72_288|x_flow_std_72,m1_feature_available_time <= decision_time
BTC_LONG_3d382c6b95774870_12h,295883,12h,5.0,97,3,-49.09530220173319,0.0753024514737958,103,76.95645318237672,0.7378770919767621,1.7170126599029758,-0.1491623507544754,4.946805197454444,85.12134659076042,0.0333536542538514,397,115.0827380952381,0.2972037095815356,1.191017347968481,-0.1914276599494329,1.552564084312812,30.151503173916925,1.4954267424787246,0.2972037095815356,3d382c6b95774870,1,3.3032336235046387,x_return_sum_288|tanh(m1_body_mean_240)|signed_sqrt(x_flow_price_gap)|(x_flow_sign_bias_3*m1_return_efficiency_5),-1|1|1|-1,7,0.011262454527331437,4,0.028017112563252768,0.12516481689177872,True,True,True,核心,主动流与价格响应,m1_body_mean_240|m1_return_efficiency_5|x_flow_price_gap|x_flow_sign_bias_3|x_return_sum_288,m1_feature_available_time <= decision_time
BTC_LONG_112acbae6242f1c5_1d,83060,1d,5.0,97,4,79.33889247892239,0.0606269888557066,110,82.18650339865475,1.80439543727659,2.4679516782724913,-0.1749034534746,10.31652263823727,142.67456187803973,0.0449457362872074,321,93.05178571428571,0.2966412795112518,0.9195572197949226,-0.3694642764711748,0.8028957017022874,39.4261984554948,1.1322027567340067,0.2966412795112518,112acbae6242f1c5,-1,2.39220666885376,m1_range_mean_240|(x_flow_std_3*x_return_sum_72)|(x_flow_autocorr_3*x_return_efficiency_curve_72_288)|(x_base_quote_flow_gap*x_trade_surprise_12),-0.5|-0.5|-1|-0.5,6,-0.20082053158661917,3,0.03368861444819166,0.13972485937800816,True,True,False,历史稳定,主动流与价格响应,m1_range_mean_240|x_base_quote_flow_gap|x_flow_autocorr_3|x_flow_std_3|x_return_efficiency_curve_72_288|x_return_sum_72|x_trade_surprise_12,m1_feature_available_time <= decision_time
BTC_LONG_7e8a41a51ae079da_3d,612605,3d,5.0,97,3,-128.8999204404355,0.0001872674419526,51,38.10465157573993,0.7705131600629627,1.8011522935668376,-0.2424995273029054,3.1773800494898157,170.53333904661804,0.0047888867085114,162,46.96071428571428,0.2840633521069109,0.8476306864765472,-0.2955894846904023,0.961006283442174,73.71110183619422,1.2324142156862743,0.2840633521069109,7e8a41a51ae079da,-1,2.0768308639526367,x_return_efficiency_72|(x_flow_std_3*x_return_efficiency_288)|(x_flow_std_72*x_return_efficiency_curve_12_72)|(x_flow_return_corr_72*x_return_efficiency_72),-0.5|-0.5|-0.5|1,7,0.020909882775898836,3,0.04642854148113817,0.18110432273852622,True,True,True,核心,主动流与价格响应,x_flow_return_corr_72|x_flow_std_3|x_flow_std_72|x_return_efficiency_288|x_return_efficiency_72|x_return_efficiency_curve_12_72,m1_feature_available_time <= decision_time
BTC_LONG_618010b07f5aeded_2d,471852,2d,5.0,97,3,-25.686885376901056,0.0138266164668103,34,25.403101050493284,0.340231353717034,1.2286032761832868,-0.1705962575067876,1.994365871147537,133.67332930129376,0.0320160310894107,233,67.5422619047619,0.2760809322279198,0.8596577982565892,-0.3266263675907052,0.8452499847589656,50.2080365227723,2.6588195579157587,0.2760809322279198,618010b07f5aeded,-1,1.1635422706604004,m1_flow_mean_60|signed_sqrt(x_vwap_pressure_288),-0.5|0.5,7,0.014433480910144403,2,0.06568332197025564,0.20446190954097504,True,True,False,历史稳定,成交重心与区间位置,m1_flow_mean_60|x_vwap_pressure_288,m1_feature_available_time <= decision_time
BTC_LONG_a1079e0a77d7f501_3d,780052,3d,5.0,97,4,93.02634585503486,0.0328899928728159,36,26.897401112287007,1.238405463428912,1.8482069731020192,-0.218821604682212,5.659429585243243,348.72133502435787,0.0035487877809495,99,28.69821428571429,0.2760446271072421,0.9615206562448124,-0.291260932598138,0.9477571353110704,105.50767503890954,1.0669511959876545,0.2760446271072421,a1079e0a77d7f501,-1,5.85706901550293,signed_sqrt(x_flow_mean_curve_3_12)|(x_flow_std_72*x_return_sum_288)|(x_flow_autocorr_72*x_return_sum_288)|(x_impact_per_flow_72*x_return_sum_72),0.5|-0.5|1|-0.5,6,-0.07496512909305575,3,0.07750847596959513,0.2606514055578407,True,True,True,核心,单位主动流冲击,x_flow_autocorr_72|x_flow_mean_curve_3_12|x_flow_std_72|x_impact_per_flow_72|x_return_sum_288|x_return_sum_72,m1_feature_available_time <= decision_time
BTC_LONG_bc16b6bea9830967_2d,911643,2d,5.0,99,3,120.48732037081577,0.0313605917484364,19,14.195850587040365,0.5104652284956286,2.1507264768456067,-0.0574115857512332,8.891327801107863,309.0781929524322,0.0126332310287025,91,26.379166666666663,0.2751127597259106,1.3548171454183848,-0.1477252410142069,1.862327370983627,103.9113102392814,1.8582307910981153,0.2751127597259106,bc16b6bea9830967,-1,1.2501596212387085,tanh(x_flow_sign_bias_288)|signed_sqrt(x_return_efficiency_12),-1|-0.5,6,-0.03301662632080443,3,0.07413811405076287,0.3222582743252994,True,True,True,核心,主动流与价格响应,x_flow_sign_bias_288|x_return_efficiency_12,m1_feature_available_time <= decision_time
BTC_LONG_110acf71418c051c_1d,82482,1d,5.0,95,4,8.78116805587198,0.0803586205523851,129,96.3823539856951,0.7987137613197421,1.5968179041233974,-0.1625364561273777,4.914059161556963,75.10525281153515,0.0059920946179301,391,113.3434523809524,0.2601030637256787,0.9134624146215166,-0.3608693732558529,0.7207679093932644,29.418543740731057,1.1759772167193034,0.2601030637256787,110acf71418c051c,1,1.8566266298294067,x_flow_return_corr_curve_72_288|tanh(x_return_sign_bias_3)|tanh(x_flow_mean_curve_72_288)|signed_sqrt(x_time_sin_week),0.5|-1|1|0.5,5,-0.24435792746452162,2,0.02530319189808526,0.10697959268205563,True,True,False,历史稳定,主动流与价格响应,x_flow_mean_curve_72_288|x_flow_return_corr_curve_72_288|x_return_sign_bias_3|x_time_sin_week,m1_feature_available_time <= decision_time
BTC_LONG_7f23a3dead14afdf_1d,615492,1d,5.0,99,3,-76.9720080127535,0.0680270257153769,39,29.13885120497759,0.2979079510808162,1.0337497549431531,-0.224258358941365,1.3284140332031402,109.1949721208214,0.0326457300257588,83,24.060119047619047,0.2600094182152548,1.4120004528653876,-0.1254551663261904,2.072528583950188,107.28041512383088,0.8257058206710984,0.2600094182152548,7f23a3dead14afdf,1,2.855231523513794,x_return_sum_288|m1_vwap_gap_mean_240|signed_sqrt(m1_return_autocorr_15)|(x_flow_mean_72*m1_vwap_gap_mean_15),-0.5|0.5|1|-1,6,-3.3380173327324236e-05,4,0.06981122831940237,0.2520998230289277,True,True,False,历史稳定,成交重心与区间位置,m1_return_autocorr_15|m1_vwap_gap_mean_15|m1_vwap_gap_mean_240|x_flow_mean_72|x_return_sum_288,m1_feature_available_time <= decision_time
BTC_LONG_6acdbb3b70568efb_1d,516901,1d,5.0,97,4,31.64645189946615,0.0604471041178426,87,65.00205268802694,0.7563026573693159,1.823163894398633,-0.153423404933377,4.929512923388284,100.41892240516547,1.4829935830870324e-05,351,101.74821428571428,0.2595028969902586,0.8819221702566857,-0.2317829017126369,1.1195946511705543,32.58689656176985,1.5653077107279691,0.2595028969902586,6acdbb3b70568efb,-1,1.0800756216049194,m1_return_efficiency_60|m1_range_mean_60|tanh(m1_volume_surprise_curve_5_15)|signed_sqrt(m1_range_mean_15),-0.5|-0.5|-0.5|0.5,7,0.06247425033871118,4,0.03909387780990499,0.14425681924131217,True,True,True,核心,成交活跃度突变,m1_range_mean_15|m1_range_mean_60|m1_return_efficiency_60|m1_volume_surprise_curve_5_15,m1_feature_available_time <= decision_time
BTC_LONG_25e9a00db8b7a09a_3d,183122,3d,5.0,99,3,-66.32275407626993,0.0483804603171669,27,20.173050834215257,0.5703380081392662,1.785961138190064,-0.1522908347513104,3.7450579942688145,246.3535633751687,0.0163503830412601,110,31.886904761904763,0.2567065765324681,0.976960601473345,-0.3617393422736263,0.7096451685874147,88.29193185533626,1.5806684385002285,0.2567065765324681,25e9a00db8b7a09a,1,2.160400152206421,x_flow_autocorr_72|x_flow_sign_bias_288|tanh(x_return_efficiency_curve_72_288)|(x_flow_autocorr_12*x_return_efficiency_3),0.5|1|-1|0.5,6,-0.23684929246112757,4,0.05896571856900223,0.23905764563303927,True,True,False,历史稳定,主动流与价格响应,x_flow_autocorr_12|x_flow_autocorr_72|x_flow_sign_bias_288|x_return_efficiency_3|x_return_efficiency_curve_72_288,m1_feature_available_time <= decision_time
BTC_LONG_25b726f17bdbc7e5_3d,182174,3d,5.0,95,3,-91.9006907271238,0.0150854573433686,73,54.541952255470875,1.0571372183291787,1.728996011140598,-0.3037546987471601,3.4802333023632355,158.80155641716027,0.0022013681605237,263,76.23869047619047,0.2545902076675546,0.7293244214855693,-0.4285132898278531,0.5941244150673396,47.9707893983773,1.39779907618806,0.2545902076675546,25b726f17bdbc7e5,1,1.9590122699737549,(x_flow_mean_72*x_wick_asymmetry)|(x_flow_mean_72*x_return_sum_72)|(x_flow_return_corr_12*x_jump_concentration_3)|(x_flow_std_72*x_trade_surprise_3),-1|0.5|-0.5|0.5,6,-0.36444153318786243,3,0.03881452739397755,0.14408946531398406,True,True,False,历史稳定,主动流与价格响应,x_flow_mean_72|x_flow_return_corr_12|x_flow_std_72|x_jump_concentration_3|x_return_sum_72|x_trade_surprise_3|x_wick_asymmetry,m1_feature_available_time <= decision_time
BTC_LONG_21f85655a3d4dbed_2d,164212,2d,5.0,99,4,78.94824442362503,0.0313946799888844,27,20.173050834215257,0.6083919714815298,1.351291601824399,-0.2368538653159934,2.568638559771262,279.1116881922287,0.038240885113743,90,26.089285714285715,0.2498101609692786,1.000404770385311,-0.2669665395673304,0.935735846799914,102.76768340634176,1.2932741769547325,0.2498101609692786,21f85655a3d4dbed,1,3.1446328163146973,x_flow_autocorr_288|m1_flow_std_5|tanh(x_flow_sign_bias_72)|(x_flow_autocorr_72*x_return_sum_72),0.5|-1|1|-1,5,-0.032692600145431905,3,0.0876069497390902,0.3164293808906297,True,True,False,历史稳定,主动流持续与反转,m1_flow_std_5|x_flow_autocorr_288|x_flow_autocorr_72|x_flow_sign_bias_72|x_return_sum_72,m1_feature_available_time <= decision_time
BTC_LONG_66839828a010ad14_1d,496138,1d,5.0,97,3,-11.051416877150132,0.0612811700242358,85,63.50775262623321,0.5489669438649833,1.2407488642151836,-0.2056769186855646,2.669074135169415,87.65135107391612,0.0289686120468224,229,66.3827380952381,0.2479519210744445,0.900878977490984,-0.3930672346820159,0.6308129988881751,44.891120354746676,1.045269834785766,0.2479519210744445,66839828a010ad14,-1,3.887126445770264,x_return_vol_12|signed_sqrt(x_return_skew_12)|(x_flow_sign_bias_72*x_return_sum_3)|(x_flow_price_gap*x_trade_surprise_12),-1|-0.5|-1|0.5,5,-0.17255073694905837,3,0.03207809348631902,0.14789979386563543,True,True,False,历史稳定,主动流持续与反转,x_flow_price_gap|x_flow_sign_bias_72|x_return_skew_12|x_return_sum_3|x_return_vol_12|x_trade_surprise_12,m1_feature_available_time <= decision_time
BTC_LONG_c1626e74d2f236cc_2d,937280,2d,5.0,95,3,-204.21730959339433,0.0131998690973652,106,79.1979032750673,0.6422036904778543,1.286486900258575,-0.2953177060531019,2.1746196632123973,81.73928694292451,0.0046174571059081,365,105.80654761904762,0.2462131500030353,0.7239835034462198,-0.410843610128293,0.5992867941311074,34.170466380440544,1.3359766261938038,0.2462131500030353,c1626e74d2f236cc,-1,1.8159184455871584,x_range_surprise_12|(x_flow_sign_bias_12*x_trade_surprise_3)|(x_flow_return_corr_12*x_jump_concentration_72)|(x_flow_mean_72*x_volume_surprise_3),1|0.5|0.5|1,6,-0.08098285688183243,2,0.035142775683114726,0.1368241288715319,True,True,False,历史稳定,主动流与价格响应,x_flow_mean_72|x_flow_return_corr_12|x_flow_sign_bias_12|x_jump_concentration_72|x_range_surprise_12|x_trade_surprise_3|x_volume_surprise_3,m1_feature_available_time <= decision_time
BTC_LONG_3872f77e98ff3b88_1d,272782,1d,5.0,99,3,-215.65397657530804,0.1117465204845808,30,22.41450092690584,0.3078158465646206,1.1030394663704763,-0.2715111531230879,1.1337134516351677,140.89867937807,0.0784037150683805,122,35.36547619047619,0.2423220527251708,1.3939783467858735,-0.0773524466230359,3.1327005583428567,70.16850451909069,1.5777944958847734,0.2423220527251708,3872f77e98ff3b88,1,0.8919686079025269,x_downside_share_288|signed_sqrt(x_return_sum_288)|(x_flow_sign_bias_12*x_trade_surprise_12),-1|-1|0.5,7,0.026434031087625598,4,0.044677534037432395,0.19283988802055912,True,True,False,历史稳定,主动流持续与反转,x_downside_share_288|x_flow_sign_bias_12|x_return_sum_288|x_trade_surprise_12,m1_feature_available_time <= decision_time
BTC_LONG_3327ddfbab14e535_1d,246946,1d,5.0,99,4,141.24729040543414,0.068824901344175,28,20.92020086511212,0.4789778292019178,1.7620258703706315,-0.0951666659459423,5.033042026227882,204.84989302922605,0.0276335502243449,72,20.87142857142857,0.2328741005858516,1.072212472048657,-0.2366543613563122,0.9840262366229164,115.9617513142602,0.9976686507936506,0.2328741005858516,3327ddfbab14e535,1,2.084456443786621,x_price_volume_corr_72|x_vwap_pressure_288|tanh(x_range_body_gap)|signed_sqrt(m1_return_sum_240),1|-0.5|1|-0.5,6,0.0,4,0.10336429105890255,0.37562787426673433,True,True,False,历史稳定,成交重心与区间位置,m1_return_sum_240|x_price_volume_corr_72|x_range_body_gap|x_vwap_pressure_288,m1_feature_available_time <= decision_time
BTC_LONG_25abe5371fffe146_3d,181963,3d,5.0,99,4,222.18580273518305,0.0231568622311574,36,26.897401112287007,1.089553771206523,2.632308597720553,-0.1017621095769778,10.706870914289874,294.6810835031941,0.008610612577772,146,42.32261904761905,0.2325169829967461,0.8561013555412841,-0.3181292218961259,0.7308884786216419,64.372388574613,1.5734835819615913,0.2325169829967461,25abe5371fffe146,1,1.352771878242493,(x_flow_mean_72*x_volume_surprise_curve_3_12)|(x_flow_autocorr_72*x_volume_surprise_3),-1|-1,6,-0.0035890160216602296,4,0.049276668354438974,0.21920092515094106,True,True,False,历史稳定,主动流持续与反转,x_flow_autocorr_72|x_flow_mean_72|x_volume_surprise_3|x_volume_surprise_curve_3_12,m1_feature_available_time <= decision_time
BTC_LONG_234317c3f71f1454_2d,170378,2d,5.0,97,3,-70.62036964192157,0.011249034397575,73,54.541952255470875,1.4297068915126006,2.117720136751597,-0.31764871805826,4.500905592354312,187.21083112633772,0.0162116743130306,286,82.90595238095239,0.2294142769192755,0.7590173364119682,-0.3482258717015359,0.658808823704823,37.39983937918145,1.5200400600372062,0.2294142769192755,234317c3f71f1454,1,2.2552335262298584,tanh(x_range_position_curve_12_72)|tanh(x_flow_mean_curve_72_288)|signed_sqrt(x_range_position_12)|(x_flow_mean_72*x_return_sum_3),1|0.5|0.5|1,5,-0.15149471723634267,4,0.031415138824657164,0.14500115735900906,True,True,False,历史稳定,有符号波动与区间扩张,x_flow_mean_72|x_flow_mean_curve_72_288|x_range_position_12|x_range_position_curve_12_72|x_return_sum_3,m1_feature_available_time <= decision_time
BTC_LONG_54c24918a2d046b4_2d,409980,2d,5.0,99,3,46.34199572274392,0.0457484945178551,22,16.43730067973095,0.3183257137406099,1.19259201452733,-0.1327834210368589,2.3973302634840756,192.3704608067256,0.0287384409456078,91,26.379166666666663,0.2241582388500338,0.9301245702895335,-0.3119631338597664,0.7185407970378879,93.45600933021582,1.6048356832210997,0.2241582388500338,54c24918a2d046b4,-1,1.6824448108673096,x_flow_mean_288|signed_sqrt(m1_flow_surprise_60)|(x_flow_std_12*x_return_efficiency_288),-1|-0.5|0.5,5,-0.10265750572236526,3,0.07816932378289294,0.33629496790823016,True,True,False,历史稳定,主动流与价格响应,m1_flow_surprise_60|x_flow_mean_288|x_flow_std_12|x_return_efficiency_288,m1_feature_available_time <= decision_time
BTC_LONG_ac6867f81c702dfd_1d,835705,1d,5.0,99,4,103.3694485209211,0.0795700139111742,22,16.43730067973095,0.7885302373020506,2.3482332669957637,-0.0290831784113618,27.11293195498869,378.0092328680876,0.005272180507912,103,29.857738095238098,0.2205566740705813,1.031705965629475,-0.1733740556476874,1.2721434775614489,79.52999399022211,1.8164623667227835,0.2205566740705813,ac6867f81c702dfd,1,1.9046589136123655,x_return_sum_72|tanh(x_flow_mean_curve_72_288)|tanh(m1_return_efficiency_240)|(x_flow_mean_72*x_jump_concentration_3),-0.5|1|1|0.5,5,-0.02613085167547935,4,0.08305273502955798,0.2972155768326863,True,True,False,历史稳定,主动流与价格响应,m1_return_efficiency_240|x_flow_mean_72|x_flow_mean_curve_72_288|x_jump_concentration_3|x_return_sum_72,m1_feature_available_time <= decision_time
BTC_LONG_c5f939c61dde6693_1d,959602,1d,5.0,95,4,83.96445059783844,0.075370979112719,104,77.70360321327358,1.2303111726573164,2.025356052770415,-0.2813319525689387,4.373165441830984,120.75973172596686,0.0212407281571242,461,133.63511904761904,0.2192020878497067,0.7663050956858264,-0.2748894330407987,0.7974191129317548,23.913322475121095,1.7198059487773028,0.2192020878497067,c5f939c61dde6693,-1,1.6372077465057373,tanh(m1_quote_flow_return_corr_240)|signed_sqrt(m1_flow_mean_60)|(x_flow_std_72*x_trade_surprise_12),-1|-0.5|-1,5,-0.0404911382223857,4,0.027953063441587506,0.10549627653208768,True,True,False,历史稳定,主动流与价格响应,m1_flow_mean_60|m1_quote_flow_return_corr_240|x_flow_std_72|x_trade_surprise_12,m1_feature_available_time <= decision_time
BTC_LONG_6d14459a98f6eceb_2d,528032,2d,5.0,99,4,134.5010403037117,0.0048831804619378,45,33.62175139035876,1.2675950629163033,3.022331859642241,-0.1028133584048784,12.329089162952156,260.359388332072,-0.0062630065280583,171,49.56964285714286,0.2168344805835296,0.8444746172225396,-0.3039544906604192,0.7133781116784983,52.18032117558005,1.474332561728395,0.2168344805835296,6d14459a98f6eceb,-1,1.6019139289855957,x_return_efficiency_curve_12_72|(x_flow_mean_12*x_return_efficiency_curve_3_12)|(x_flow_mean_72*m1_return_sum_15),-0.5|1|-0.5,5,-0.12306486729742488,3,0.058567994664205064,0.22876411647414774,True,True,False,历史稳定,主动流与价格响应,m1_return_sum_15|x_flow_mean_12|x_flow_mean_72|x_return_efficiency_curve_12_72|x_return_efficiency_curve_3_12,m1_feature_available_time <= decision_time
BTC_LONG_5b55989455e686eb_2d,441884,2d,5.0,99,3,-87.5434474624213,0.0162721101317173,34,25.403101050493284,0.3977643690885453,1.6272616700926512,-0.1283051931462896,3.1001423974712123,146.19899955698165,0.0191000208792569,178,51.59880952380952,0.210404712000054,0.8212607527523642,-0.2970933704261684,0.7082107274835416,49.40764062649005,2.0312012073347856,0.210404712000054,5b55989455e686eb,-1,1.252689003944397,(x_flow_price_gap*x_close_location)|(x_flow_mean_12*m1_return_efficiency_5)|(x_flow_mean_72*x_return_efficiency_288),0.5|-1|-0.5,6,-0.19458779202945176,4,0.05123028000524684,0.23358318992578161,True,True,True,核心,主动流与价格响应,m1_return_efficiency_5|x_close_location|x_flow_mean_12|x_flow_mean_72|x_flow_price_gap|x_return_efficiency_288,m1_feature_available_time <= decision_time
BTC_LONG_0777fdef3d9cb3fe_2d,36071,2d,5.0,97,4,44.33869673997282,0.0068247123648243,59,44.08185182291482,0.7302959590959976,1.6906766582740016,-0.2125009257892759,3.4366718939388865,143.98437933374188,-0.0067586181220079,156,45.22142857142857,0.2065652452209703,0.7802491465180383,-0.327818786303761,0.6301202183988454,56.213269041173014,1.0258513810420589,0.2065652452209703,0777fdef3d9cb3fe,1,2.115808486938477,tanh(m1_body_mean_240)|(x_flow_sign_bias_72*x_trade_surprise_3)|(x_flow_return_corr_72*x_jump_concentration_72),1|-1|-0.5,6,-0.10837948313329593,4,0.03950494412431498,0.1857282968041441,True,True,False,历史稳定,主动流与价格响应,m1_body_mean_240|x_flow_return_corr_72|x_flow_sign_bias_72|x_jump_concentration_72|x_trade_surprise_3,m1_feature_available_time <= decision_time
BTC_LONG_09ea97ee62d22743_2d,48012,2d,5.0,99,3,174.14019261651765,0.0005904814774067,26,19.425900803318395,0.6873374369301519,2.8954556319501705,-0.0358173093883671,19.19009129014553,283.03719138254917,0.0103232752726263,150,43.482142857142854,0.2035755992334289,0.7410525012812035,-0.311903654078784,0.6526874455340865,59.38401101319224,2.238359152421652,0.2035755992334289,09ea97ee62d22743,-1,1.1763569116592407,(x_flow_mean_72*x_return_efficiency_12)|(x_flow_sign_bias_72*x_close_location),-0.5|-1,7,0.003989884207821093,3,0.05641008349075337,0.22394646047477623,True,True,False,历史稳定,主动流与价格响应,x_close_location|x_flow_mean_72|x_flow_sign_bias_72|x_return_efficiency_12,m1_feature_available_time <= decision_time
BTC_LONG_00496e0a18c5c27f_12h,1364,12h,5.0,99,3,-189.79493653723944,0.0683765492394731,61,45.57615188470854,0.4933393676749733,1.662535782070238,-0.1691619446466119,2.9163732345687134,100.25518387085565,0.0233489277201956,132,38.26428571428571,0.2016501876099496,1.1088424283911802,-0.1504974547791687,1.3398910161360502,57.16506902272569,0.8395681542197936,0.2016501876099496,00496e0a18c5c27f,1,2.2445485591888428,x_return_sum_288|signed_sqrt(m1_base_quote_flow_gap)|(x_flow_autocorr_72*x_trade_surprise_72)|(x_flow_autocorr_72*x_volume_surprise_curve_12_72),-0.5|-1|-0.5|-0.5,5,-0.027983677436984433,4,0.06061189218906395,0.2458911171997248,True,True,False,历史稳定,主动流持续与反转,m1_base_quote_flow_gap|x_flow_autocorr_72|x_return_sum_288|x_trade_surprise_72|x_volume_surprise_curve_12_72,m1_feature_available_time <= decision_time
BTC_LONG_8c198db3ea178cb2_2d,678283,2d,5.0,97,3,-18.306117669208746,0.0291044292917295,74,55.289102286367736,0.576977458872501,1.316622072820362,-0.2548503777293576,2.263985103782076,102.28301611555403,0.0065661798756897,300,86.96428571428571,0.2015846153104026,0.678892334301712,-0.3590773434696388,0.5613960863210165,33.69237056367947,1.5729010260260259,0.2015846153104026,8c198db3ea178cb2,-1,1.3454461097717283,signed_sqrt(x_flow_sign_bias_12)|(x_flow_mean_72*x_return_efficiency_curve_3_12),-0.5|-1,5,-0.1549839264946622,2,0.040957625717123046,0.1659348260158145,True,True,False,历史稳定,主动流与价格响应,x_flow_mean_72|x_flow_sign_bias_12|x_return_efficiency_curve_3_12,m1_feature_available_time <= decision_time
BTC_LONG_5fcd25c8e6a72764_2d,463604,2d,5.0,99,4,3.789279714173406,0.005256098230065,22,16.43730067973095,0.3109222594020311,1.2515723264544376,-0.1062772876394724,2.9255757867737637,186.017676228433,0.012221865153058,111,32.176785714285714,0.1963430438344982,0.8810183156363127,-0.2283300314884712,0.8599089771702323,68.88533466721194,1.9575468223905723,0.1963430438344982,5fcd25c8e6a72764,1,1.908533811569214,(x_flow_mean_72*x_return_sum_288)|(x_flow_sign_bias_12*x_trade_surprise_3),1|-1,5,-0.062314767453782005,3,0.08318877747065764,0.29909015210062384,True,True,False,历史稳定,主动流持续与反转,x_flow_mean_72|x_flow_sign_bias_12|x_return_sum_288|x_trade_surprise_3,m1_feature_available_time <= decision_time
BTC_LONG_a7dad690be812564_3d,813511,3d,5.0,97,4,107.64358300344207,0.0580218816823899,77,57.53055237905832,2.5739592858477307,2.3572075940663986,-0.2724937405936639,9.445939125941084,257.5752863481176,-0.0161417149026313,254,73.6297619047619,0.1917165753044734,0.6252382366028122,-0.3757506673993885,0.5102228470580366,40.55724381453472,1.2798375621292288,0.1917165753044734,a7dad690be812564,-1,3.1115636825561523,m1_volume_concentration_5|(x_flow_mean_3*x_close_location)|(x_flow_std_12*x_return_sum_288)|(x_flow_autocorr_12*x_trade_surprise_72),-1|-1|-1|1,5,-0.12707649025412715,2,0.04111301450207424,0.151111540074272,True,True,False,历史稳定,主动流持续与反转,m1_volume_concentration_5|x_close_location|x_flow_autocorr_12|x_flow_mean_3|x_flow_std_12|x_return_sum_288|x_trade_surprise_72,m1_feature_available_time <= decision_time
BTC_LONG_1a18cc95e5440427_1d,126172,1d,5.0,99,3,-6.069053294143751,0.0657191099923214,27,20.173050834215257,0.7618083234798618,1.7455993816382318,-0.1400213029059864,5.4406601543434965,315.51271032566393,0.0323380944933144,111,32.176785714285714,0.1915898500613577,0.9844117943255024,-0.1662109335593981,1.1526910171218676,65.51745578678242,1.5950381515775034,0.1915898500613577,1a18cc95e5440427,1,4.054920673370361,x_flow_return_corr_12|m1_range_mean_240|signed_sqrt(m1_body_mean_60)|(x_flow_return_corr_12*x_jump_concentration_3),-1|1|-1|-0.5,5,-0.0970072464194926,4,0.06468107083645865,0.2297659615661479,True,True,False,历史稳定,主动流与价格响应,m1_body_mean_60|m1_range_mean_240|x_flow_return_corr_12|x_jump_concentration_3,m1_feature_available_time <= decision_time
BTC_LONG_9044a6d8eaac417b_1d,698469,1d,5.0,99,4,21.386810405470193,0.0507858655687151,33,24.655951019596426,0.3360567369011857,1.6431162620061468,-0.0769441104237849,4.367543338278743,129.3872400180082,0.0249390766721611,144,41.74285714285714,0.1915262580191836,0.8597516409428422,-0.3870077971928658,0.4948899205866292,53.59250740966087,1.6930134680134676,0.1915262580191836,9044a6d8eaac417b,-1,3.3970847129821777,m1_jump_concentration_60|(x_flow_std_72*x_return_sum_288),-1|-1,5,-0.09477083682269993,3,0.07424676253320482,0.2242740589081447,True,True,False,历史稳定,路径效率与漂移,m1_jump_concentration_60|x_flow_std_72|x_return_sum_288,m1_feature_available_time <= decision_time
BTC_LONG_3c323377de3e4078_3d,290915,3d,5.0,99,4,175.1441278121905,0.0028232552717644,27,20.173050834215257,0.5285314846797604,1.3747273804398652,-0.2944410901123309,1.7950330386228457,244.0670272980126,0.0020196877581909,57,16.523214285714285,0.1887851908715516,0.8612422745194981,-0.1779134481959584,1.0611069190431226,125.61158978751156,0.8190736454046639,0.1887851908715516,3c323377de3e4078,1,2.217446804046631,tanh(x_flow_mean_curve_72_288)|signed_sqrt(m1_flow_std_240)|(x_flow_std_3*x_return_sum_288),1|-1|1,6,-0.10554483115611946,3,0.09780649382325123,0.34912162422979814,True,True,False,历史稳定,路径效率与漂移,m1_flow_std_240|x_flow_mean_curve_72_288|x_flow_std_3|x_return_sum_288,m1_feature_available_time <= decision_time
BTC_LONG_7633d7a44ab2b4b5_3d,572438,3d,5.0,99,3,88.55898806352374,0.0281285304083637,34,25.403101050493284,0.4612918597475588,1.4909133372678278,-0.1208943014003409,3.8156625614634456,169.47814772587108,0.0625488734544576,133,38.55416666666667,0.1777990207582989,0.6794822262520667,-0.3799695670760609,0.4679296348033782,59.464949954559735,1.5176952841321714,0.1777990207582989,7633d7a44ab2b4b5,-1,1.2621179819107056,signed_sqrt(x_time_cos_week)|(x_flow_mean_72*x_return_efficiency_curve_3_12),-0.5|1,5,-0.1724974643699681,3,0.09381821314958938,0.24971494753413195,True,True,False,历史稳定,主动流与价格响应,x_flow_mean_72|x_return_efficiency_curve_3_12|x_time_cos_week,m1_feature_available_time <= decision_time
BTC_LONG_8d4a1327987b861e_12h,684076,12h,5.0,99,4,33.30520888972677,0.0372192884277655,47,35.11605145215248,0.347769959661778,1.037147663946374,-0.1932592237394567,1.7994999303661992,105.60769077504696,0.016290274053192,118,34.20595238095238,0.1776285880040089,1.2887648033121997,-0.1402557767218668,1.2664618324866146,55.358829311084584,0.9740831034935645,0.1776285880040089,8d4a1327987b861e,-1,1.3931430578231812,m1_range_mean_240|tanh(x_return_efficiency_curve_3_12)|signed_sqrt(m1_volume_concentration_60),-0.5|0.5|-0.5,6,-0.03580465219932033,4,0.0797566800470916,0.30261247818922377,True,True,False,历史稳定,有符号波动与区间扩张,m1_range_mean_240|m1_volume_concentration_60|x_return_efficiency_curve_3_12,m1_feature_available_time <= decision_time
BTC_LONG_b69cfade287b0e6b_12h,885215,12h,5.0,99,4,13.014013169425075,0.0675615401053998,52,38.85180160663679,0.6153135785281436,2.413110989988448,-0.1037149470384797,5.932737721013862,133.89391912827304,0.0331572094451343,149,43.19226190476191,0.1755803000072628,1.1426550600273286,-0.1477478847940049,1.1883777575026733,45.11356631076911,1.1117183790360874,0.1755803000072628,b69cfade287b0e6b,-1,4.803310394287109,x_impact_per_flow_72|x_vwap_pressure_288|x_flow_mean_curve_3_12|(x_flow_return_corr_12*x_return_sum_72),0.5|1|-1|-1,5,-0.020526429050253037,4,0.057622152577269235,0.2168439217163921,True,True,False,历史稳定,主动流与价格响应,x_flow_mean_curve_3_12|x_flow_return_corr_12|x_impact_per_flow_72|x_return_sum_72|x_vwap_pressure_288,m1_feature_available_time <= decision_time
BTC_LONG_27cd54206caf7f3f_3d,192199,3d,5.0,97,3,-36.20299428929441,0.0360195531462135,50,37.35750154484307,1.158499607953467,1.9736034996518872,-0.2424496438906612,4.778310206452279,235.82849830560147,0.0232713967002816,198,57.39642857142857,0.1719154960150926,0.6145815057458514,-0.3871385660146882,0.4440670889104084,43.89354557669071,1.5364097222222222,0.1719154960150926,27cd54206caf7f3f,-1,0.93680739402771,tanh(x_flow_sign_bias_72)|signed_sqrt(x_flow_autocorr_72),-0.5|-0.5,5,-0.20908805540047848,3,0.055360843396382725,0.19882611937924824,True,True,False,历史稳定,主动流持续与反转,x_flow_autocorr_72|x_flow_sign_bias_72,m1_feature_available_time <= decision_time
BTC_LONG_721f882d099afd18_3d,552410,3d,5.0,99,4,165.70874915884576,0.0244720292308842,25,18.678750772421537,0.7760527548826219,1.8214793302269576,-0.0933101360731568,8.316918049226532,342.0725021411542,0.0252039160906565,86,24.929761904761904,0.1718282157559891,0.7264082026058497,-0.3874630850459528,0.4434699004567376,82.64241799691507,1.3346589506172835,0.1718282157559891,721f882d099afd18,-1,1.7784202098846436,(x_flow_sign_bias_72*x_return_sum_72)|(x_flow_mean_72*x_trade_surprise_3)|(x_flow_mean_72*x_volume_surprise_288),-0.5|1|-1,5,-0.35370540851129606,2,0.06939925085421428,0.29869275398070433,True,True,False,历史稳定,主动流持续与反转,x_flow_mean_72|x_flow_sign_bias_72|x_return_sum_72|x_trade_surprise_3|x_volume_surprise_288,m1_feature_available_time <= decision_time
BTC_LONG_94dd72fe1d374b6a_12h,720762,12h,5.0,97,3,-15.167883192684748,0.0483243144839733,102,76.20930315147986,0.3951174673112216,1.1454323324585345,-0.2069339664926913,1.9093891351334855,56.046435363865974,0.0388555155367759,240,69.57142857142857,0.1681488398952293,0.7419710107510183,-0.3471604198466445,0.4843548696291698,31.832509716876704,0.9128994190268699,0.1681488398952293,94dd72fe1d374b6a,1,3.407012462615967,x_return_sum_288|(x_flow_return_corr_3*x_return_sum_288),-1|-1,6,-0.3200331321678023,3,0.0349747234283464,0.15748364838707937,True,True,False,历史稳定,主动流与价格响应,x_flow_return_corr_3|x_return_sum_288,m1_feature_available_time <= decision_time
BTC_LONG_8a84f7adec6f2c5d_12h,670595,12h,5.0,95,3,-62.60144317597576,0.064006606869498,110,82.18650339865475,0.4281771152996498,1.2966921009847003,-0.1339343645584062,3.1969175103894263,54.17970307832877,0.0205593748831796,466,135.0845238095238,0.1675158693766132,0.7473297541753067,-0.2381159392926183,0.7035054850769761,18.74694863563041,1.6436339085297416,0.1675158693766132,8a84f7adec6f2c5d,-1,1.7220041751861572,tanh(m1_flow_mean_curve_15_60)|(x_flow_mean_72*x_close_location)|(x_flow_std_72*x_return_sum_288)|(x_flow_return_corr_72*x_return_efficiency_288),-1|-1|-0.5|-0.5,6,-0.09667043581637474,3,0.027829380910753328,0.11420083670491347,True,True,False,历史稳定,主动流与价格响应,m1_flow_mean_curve_15_60|x_close_location|x_flow_mean_72|x_flow_return_corr_72|x_flow_std_72|x_return_efficiency_288|x_return_sum_288,m1_feature_available_time <= decision_time
BTC_LONG_044d4841e5e18788_2d,20728,2d,5.0,99,3,-171.1786023238563,0.0311944044742801,12,8.965800370762336,0.2355650566333473,1.1806870117290968,-0.115139355568228,2.0459125854127147,261.7168067375918,0.0352606881712866,67,19.42202380952381,0.1672297281936636,0.9629925683158566,-0.1798728654018082,0.929710703279776,92.58296865818824,2.166234246399177,0.1672297281936636,044d4841e5e18788,-1,3.6161649227142334,signed_sqrt(x_flow_autocorr_288)|signed_sqrt(m1_return_autocorr_240)|(x_flow_mean_3*x_trade_surprise_12)|(x_flow_return_corr_72*x_jump_concentration_72),-1|-1|-1|1,6,-0.1118520107207977,3,0.08248541600907672,0.30693038162994885,False,True,False,历史稳定,主动流与价格响应,m1_return_autocorr_240|x_flow_autocorr_288|x_flow_mean_3|x_flow_return_corr_72|x_jump_concentration_72|x_trade_surprise_12,m1_feature_available_time <= decision_time
BTC_LONG_b16e26d3230fb605_1d,860179,1d,5.0,97,4,3.927703346276279,0.0666186943880692,110,82.18650339865475,0.4416662615656779,1.1022237998090036,-0.2396196340018174,1.8431972964382712,59.89196909861161,0.0342175971958524,271,78.5577380952381,0.1668164424253928,0.6389075976325641,-0.3825540105575885,0.4360598446798424,31.342191517205965,0.9558471871492704,0.1668164424253928,b16e26d3230fb605,-1,4.0471954345703125,(x_base_quote_flow_gap*x_return_efficiency_12)|(x_flow_std_12*x_return_sum_288)|(x_flow_mean_72*x_return_sum_72)|(x_flow_sign_bias_72*m1_vwap_gap),1|-1|-1|1,5,-0.38286882737283,3,0.03856029122470464,0.15807848810651323,True,True,False,历史稳定,主动流与价格响应,m1_vwap_gap|x_base_quote_flow_gap|x_flow_mean_72|x_flow_sign_bias_72|x_flow_std_12|x_return_efficiency_12|x_return_sum_288|x_return_sum_72,m1_feature_available_time <= decision_time
BTC_LONG_8d967f7e7ca4eab1_2d,685476,2d,5.0,99,4,127.6658150494858,-0.011896183939719,29,21.66735089600898,0.6111241823828157,2.1017993589353456,-0.1443455151134989,4.233759406395749,238.08604476669004,-0.002650547708449,121,35.07559523809524,0.1658290397016841,0.7097996770822358,-0.4011357889863468,0.4133987648440124,58.83158954091779,1.6188225042571307,0.1658290397016841,8d967f7e7ca4eab1,1,1.4391112327575684,signed_sqrt(m1_trade_surprise_240)|(x_flow_mean_72*x_return_efficiency_72),0.5|1,6,-0.35023962260685143,3,0.061843151455111524,0.23735552067286517,True,True,False,历史稳定,主动流与价格响应,m1_trade_surprise_240|x_flow_mean_72|x_return_efficiency_72,m1_feature_available_time <= decision_time
BTC_LONG_3fc88102a54ee0ad_12h,308435,12h,5.0,97,3,-22.9616386872844,0.0508253825101757,125,93.39375386210766,0.6061546546886976,1.93928821029043,-0.1534735091206267,3.9495718717962824,59.377062286334585,-0.0030790114014092,545,157.98511904761904,0.1657061262836696,0.6784877896334188,-0.346582296399423,0.4781148027615916,17.25160506858154,1.69160262345679,0.1657061262836696,3fc88102a54ee0ad,-1,0.9152215123176576,x_flow_sign_bias_288|(x_flow_autocorr_12*m1_return_efficiency_5),-0.5|0.5,5,-0.10824921493449163,3,0.027099083822945524,0.10973315037910152,True,True,False,历史稳定,主动流与价格响应,m1_return_efficiency_5|x_flow_autocorr_12|x_flow_sign_bias_288,m1_feature_available_time <= decision_time
BTC_LONG_68a3d0b0c63c3b13_2d,506402,2d,5.0,99,3,13.171321590561096,0.0094833281256075,43,32.12745132856504,0.2218535551047893,0.9009441939052374,-0.2152216255683516,1.030814419874974,77.64071102105574,-0.0112302705236677,182,52.75833333333333,0.1653667797716258,0.689008123883994,-0.3560884850688538,0.4643979985470473,41.12754250293339,1.642157443296009,0.1653667797716258,68a3d0b0c63c3b13,-1,0.6715681552886963,(x_flow_std_3*x_return_efficiency_3)|(x_flow_mean_72*x_jump_concentration_3),0.5|-0.5,5,-0.12293664017568678,3,0.06306124125207373,0.22336482220241968,False,True,False,历史稳定,主动流与价格响应,x_flow_mean_72|x_flow_std_3|x_jump_concentration_3|x_return_efficiency_3,m1_feature_available_time <= decision_time
BTC_LONG_82eb18af626016be_12h,633539,12h,5.0,99,4,9.415634091990976,0.0740740509577775,76,56.78340234816146,0.8654323251390303,2.0898903837481786,-0.0811713658176438,10.661793311243205,123.50161768765132,0.0292623191975822,188,54.49761904761905,0.16506196497302,0.9628936940913714,-0.1606301935683489,1.0275899026591495,35.76885653663535,0.9597455734243014,0.16506196497302,82eb18af626016be,-1,3.252682685852051,x_return_sum_288|signed_sqrt(m1_volume_concentration_5)|signed_sqrt(m1_flow_return_corr_60)|(x_impact_per_flow_72*x_volume_surprise_288),1|-0.5|-0.5|-0.5,5,-0.08299566758842009,3,0.05198108062824436,0.20743342555317776,True,True,False,历史稳定,主动流与价格响应,m1_flow_return_corr_60|m1_volume_concentration_5|x_impact_per_flow_72|x_return_sum_288|x_volume_surprise_288,m1_feature_available_time <= decision_time
BTC_LONG_0fd6615935a42929_12h,76653,12h,5.0,97,3,-63.29816671487276,0.0178145853003979,117,87.41655361493278,0.247610199105837,0.9903656153156511,-0.1946952829860905,1.2717832466620511,33.966423809639515,0.0061812945520727,421,122.03988095238095,0.1613040673261923,0.7078102967329064,-0.3212095524683974,0.502177055715248,19.948119336679454,1.3960728935844675,0.1613040673261923,0fd6615935a42929,-1,2.054305076599121,x_flow_return_corr_curve_72_288|tanh(x_flow_mean_288)|signed_sqrt(m1_flow_std_5)|(x_flow_sign_bias_72*m1_return_efficiency_5),0.5|-1|1|-0.5,6,-0.2744331585865525,3,0.023274013722885636,0.11193552726080075,False,True,False,历史稳定,主动流与价格响应,m1_flow_std_5|m1_return_efficiency_5|x_flow_mean_288|x_flow_return_corr_curve_72_288|x_flow_sign_bias_72,m1_feature_available_time <= decision_time
BTC_LONG_a92d11c420091618_3d,819888,3d,5.0,97,4,98.92464213636116,0.0338532049130283,56,41.84040173022424,1.2631477077965183,1.736336346669946,-0.3133390924108024,4.031248377206863,236.1658885925249,-0.0047956068682163,151,43.77202380952381,0.156618844214414,0.5854050877765111,-0.2956774155264849,0.5296949851091522,52.74501707774192,1.046166432429453,0.156618844214414,a92d11c420091618,-1,3.3690264225006104,tanh(m1_body_mean_15)|(x_flow_sign_bias_72*m1_return_sum_15)|(x_flow_autocorr_72*x_return_sum_288),-1|-1|1,5,-0.046084568097147616,3,0.062499734387997816,0.20952783285419757,True,True,False,历史稳定,主动流持续与反转,m1_body_mean_15|m1_return_sum_15|x_flow_autocorr_72|x_flow_sign_bias_72|x_return_sum_288,m1_feature_available_time <= decision_time
BTC_LONG_3bf312a1be80dfa7_1d,289683,1d,5.0,95,4,27.48651256192039,0.0202994594023941,140,104.60100432556058,0.5975340358801431,1.6312354406007938,-0.2393608204722812,2.4963736116092545,54.56889905122592,-0.0103784212051296,552,160.0142857142857,0.154949669660906,0.5837132956643447,-0.3869557284146251,0.4004325515369465,17.7927353302887,1.529758597883598,0.154949669660906,3bf312a1be80dfa7,-1,1.7197790145874023,x_flow_mean_288|tanh(x_price_volume_corr_12)|tanh(x_price_volume_corr_288)|(x_flow_mean_3*x_return_efficiency_12),-1|0.5|-0.5|0.5,5,-0.1661242817729301,1,0.029868361357045337,0.10592476744113612,True,True,False,历史稳定,主动流与价格响应,x_flow_mean_288|x_flow_mean_3|x_price_volume_corr_12|x_price_volume_corr_288|x_return_efficiency_12,m1_feature_available_time <= decision_time
BTC_LONG_ac861e14bae89319_1d,836282,1d,5.0,99,4,11.587301587300818,0.0907351556491959,17,12.701550525246642,0.3499102488412917,1.685261822210176,-0.062913478065717,5.561769267879116,254.34733770484965,0.0356566722448423,52,15.073809523809524,0.1514491911639262,1.0306592590498491,-0.1414160391500654,1.0709477657142836,105.57764464811092,1.1867692447349312,0.1514491911639262,ac861e14bae89319,-1,3.754702568054199,signed_sqrt(x_return_sign_bias_curve_12_72)|(x_flow_std_12*x_return_sum_288)|(x_flow_return_corr_72*x_jump_concentration_72),0.5|-1|1,6,-0.031030000127397206,3,0.12006817519333803,0.39434095071661485,True,True,False,历史稳定,主动流与价格响应,x_flow_return_corr_72|x_flow_std_12|x_jump_concentration_72|x_return_sign_bias_curve_12_72|x_return_sum_288,m1_feature_available_time <= decision_time
BTC_LONG_06bafab89a238836_12h,32436,12h,5.0,99,3,-41.00180209899928,0.0621991886798377,55,41.093251699327375,0.4199069821223302,1.55027269528025,-0.1327775608864113,3.1624845291558907,97.6010123446024,0.0278505664957014,78,22.610714285714284,0.1509299385586735,1.028264305073216,-0.195923023929503,0.7703532516575546,71.87002067353228,0.550229377104377,0.1509299385586735,06bafab89a238836,1,3.4850473403930664,x_return_vol_288|tanh(m1_body_mean_5)|(x_flow_autocorr_3*x_return_sum_288),1|-1|-1,6,-0.10022268533622386,3,0.08330631499901638,0.30737326823317546,True,True,False,历史稳定,主动流持续与反转,m1_body_mean_5|x_flow_autocorr_3|x_return_sum_288|x_return_vol_288,m1_feature_available_time <= decision_time
BTC_LONG_a864e0a32e9d3bfb_2d,816098,2d,5.0,97,4,7.3261616265817056,0.0113222279517938,73,54.541952255470875,0.5443231975201681,1.3864144690143172,-0.2294510156802561,2.3722849772811276,96.450705257904,-0.002181192784894,263,76.23869047619047,0.1495281494798312,0.5601526334084515,-0.4039251139139321,0.3701878004834642,32.04107075484239,1.39779907618806,0.1495281494798312,a864e0a32e9d3bfb,1,0.9982668161392212,(x_flow_mean_72*x_trade_surprise_72)|(x_flow_sign_bias_72*x_trade_surprise_3),0.5|-1,5,-0.12127999165164349,4,0.03210116448707858,0.14359345819509997,True,True,False,历史稳定,主动流持续与反转,x_flow_mean_72|x_flow_sign_bias_72|x_trade_surprise_3|x_trade_surprise_72,m1_feature_available_time <= decision_time
BTC_LONG_0c7f2f1a3357a313_2d,60475,2d,5.0,99,4,207.69838965166875,0.0334039299586942,31,23.1616509578027,1.272331022619761,2.384434561342626,-0.1549587861526427,8.21077045199907,388.356376753373,0.0118206017650469,93,26.958928571428572,0.1458151573561843,0.7592083251479645,-0.2535873020299046,0.5750096956313249,63.239012462003735,1.1639467592592594,0.1458151573561843,0c7f2f1a3357a313,1,1.6151211261749268,signed_sqrt(x_flow_sign_bias_288)|signed_sqrt(m1_flow_autocorr_60)|(x_flow_mean_72*x_return_sum_12)|(x_flow_return_corr_72*x_return_efficiency_curve_72_288),0.5|0.5|0.5|-0.5,6,-0.0045191278342945895,3,0.07662981914420024,0.3273353750391007,True,True,False,历史稳定,主动流与价格响应,m1_flow_autocorr_60|x_flow_mean_72|x_flow_return_corr_72|x_flow_sign_bias_288|x_return_efficiency_curve_72_288|x_return_sum_12,m1_feature_available_time <= decision_time
BTC_LONG_845287272ef90cce_1d,640364,1d,5.0,99,4,66.9568963745533,0.0507453532174722,35,26.150251081390145,0.6239520355654182,1.6865448859051904,-0.1372609741914523,4.54573515335194,208.4914056322257,0.0259405179180866,119,34.49583333333333,0.1423140465128887,0.7461707447649017,-0.1459966259352235,0.9747762703504615,49.61345956274556,1.319139660493827,0.1423140465128887,845287272ef90cce,-1,1.6089950799942017,m1_realized_vol_240|signed_sqrt(m1_volume_surprise_15)|(x_flow_autocorr_72*x_return_efficiency_288)|(x_flow_autocorr_12*x_trade_surprise_72),-0.5|-0.5|0.5|-0.5,5,-0.04612123168884563,3,0.08540926908784682,0.29672897458726377,True,True,False,历史稳定,主动流与价格响应,m1_realized_vol_240|m1_volume_surprise_15|x_flow_autocorr_12|x_flow_autocorr_72|x_return_efficiency_288|x_trade_surprise_72,m1_feature_available_time <= decision_time
BTC_LONG_7959fffc20283c3d_3d,587821,3d,5.0,97,3,-13.304132884938332,-0.0309602548585962,34,25.403101050493284,0.6351557781910206,1.345432842126802,-0.1673930918693466,3.7943965972429226,232.5525230938272,-0.0100434648654961,76,22.03095238095238,0.1374208403435384,0.6126288619925193,-0.3394645076867507,0.4048165190522565,79.37842502184657,0.8672544480755265,0.1374208403435384,7959fffc20283c3d,-1,5.29988431930542,x_return_skew_288|(x_base_quote_flow_gap*x_return_sum_72)|(x_flow_sign_bias_72*m1_return_efficiency_5),-1|-0.5|0.5,5,-0.13553773635158933,3,0.09189484195602576,0.334146565760597,True,True,False,历史稳定,主动流与价格响应,m1_return_efficiency_5|x_base_quote_flow_gap|x_flow_sign_bias_72|x_return_skew_288|x_return_sum_72,m1_feature_available_time <= decision_time
BTC_LONG_19ec377e06899c5b_2d,125346,2d,5.0,95,4,3.367855674501196,0.1004244151468398,65,48.56475200829598,0.8882717103911026,1.7479152474890156,-0.2516939148126026,3.529174358674745,152.52213095457782,-0.0015524022542933,269,77.97797619047618,0.1366798563726634,0.5514777901621778,-0.3840292447531591,0.3559100204999142,28.3741305308686,1.6056496320037985,0.1366798563726634,19ec377e06899c5b,-1,1.488811492919922,x_flow_mean_72|m1_realized_vol_60|tanh(x_flow_std_72),-0.5|-0.5|-1,5,-0.243600168236428,2,0.039972547124916005,0.16546015728565203,True,True,False,历史稳定,有符号波动与区间扩张,m1_realized_vol_60|x_flow_mean_72|x_flow_std_72,m1_feature_available_time <= decision_time
BTC_LONG_724dd62221db474d_1d,553298,1d,5.0,95,4,52.154708091513875,0.057831413291457,123,91.89945380031394,0.8295429989388448,1.7045486022322598,-0.2546418096838537,3.2576857664055634,79.32427689094303,0.010140299028825,524,151.89761904761903,0.1366214854586147,0.527875702059388,-0.3262025847816716,0.4188240431940658,17.96827310466885,1.6528674846933653,0.1366214854586147,724dd62221db474d,1,2.7022266387939453,signed_sqrt(x_flow_price_gap)|signed_sqrt(x_flow_mean_288)|signed_sqrt(m1_trade_surprise_15)|(x_flow_mean_72*x_trade_surprise_3),1|1|-0.5|-1,5,-0.0979178528549966,3,0.02853979608651895,0.1115282860742031,True,True,False,历史稳定,成交活跃度突变,m1_trade_surprise_15|x_flow_mean_288|x_flow_mean_72|x_flow_price_gap|x_trade_surprise_3,m1_feature_available_time <= decision_time
BTC_LONG_b7542b0106e09467_1d,888674,1d,5.0,97,4,62.47370717315526,0.0800405714289834,84,62.76060259533635,0.9458897205200268,1.9718303039109657,-0.1408965655147026,6.713362508622132,121.76631413858748,0.0389278982622655,243,70.44107142857143,0.1363665950392856,0.5705439795220802,-0.3224968649189523,0.4228462657258894,29.731135778903205,1.1223772321428571,0.1363665950392856,b7542b0106e09467,1,3.5321812629699707,x_vwap_pressure_12|signed_sqrt(x_return_vol_12)|(x_flow_sign_bias_12*x_jump_concentration_12)|(x_flow_std_72*x_volume_surprise_12),-1|1|1|0.5,5,-0.14544809824116395,3,0.04815910064171066,0.17083630202458638,True,True,False,历史稳定,主动流持续与反转,x_flow_sign_bias_12|x_flow_std_72|x_jump_concentration_12|x_return_vol_12|x_volume_surprise_12|x_vwap_pressure_12,m1_feature_available_time <= decision_time
BTC_LONG_6e2a45b1c1f2f36d_2d,533332,2d,5.0,99,3,-26.99891367091002,0.0251740826144633,42,31.380301297668176,0.6733630230743646,1.7222820947466777,-0.1898628720237581,3.5465755673921566,185.81595118633817,0.0143070215057065,178,51.59880952380952,0.1356678262390442,0.5617256611106293,-0.4228004757151682,0.3208790766130567,39.16387807843448,1.644305739271017,0.1356678262390442,6e2a45b1c1f2f36d,-1,1.4010097980499268,x_flow_autocorr_72|signed_sqrt(m1_flow_return_corr_curve_5_15)|(x_flow_mean_72*x_trade_surprise_12),-0.5|0.5|-1,5,-0.36969800311767986,3,0.05387787061568916,0.2296224838233235,True,True,False,历史稳定,主动流与价格响应,m1_flow_return_corr_curve_5_15|x_flow_autocorr_72|x_flow_mean_72|x_trade_surprise_12,m1_feature_available_time <= decision_time
BTC_LONG_a5c815ef1d70fee7_12h,803317,12h,5.0,99,3,-11.538009971767698,0.0408919174106628,63,47.07045194650226,0.2111105052317672,0.8154376130305558,-0.1880724079911345,1.1224958912724647,54.13488892968098,0.0326863927487937,155,44.93154761904762,0.1349845407051908,0.7882230789170274,-0.1579650222874876,0.8545217083534252,36.83476753194379,0.9545595115618265,0.1349845407051908,a5c815ef1d70fee7,1,1.5449185371398926,m1_range_mean_60|tanh(m1_flow_return_corr_curve_60_240)|(x_flow_autocorr_72*m1_return_sum_15)|(x_flow_autocorr_3*x_volume_surprise_3),0.5|-0.5|-0.5|0.5,6,-0.0992678714028069,3,0.05124907583177564,0.21673035193166337,False,True,False,历史稳定,主动流与价格响应,m1_flow_return_corr_curve_60_240|m1_range_mean_60|m1_return_sum_15|x_flow_autocorr_3|x_flow_autocorr_72|x_volume_surprise_3,m1_feature_available_time <= decision_time
BTC_LONG_225799ddff2477d1_12h,165945,12h,5.0,95,3,-12.59666937191072,0.0271714685360115,139,103.85385429466372,0.5294321288764692,1.488579445767979,-0.1395330252779008,3.7943141261506104,50.734774872919864,0.0281678337307435,434,125.80833333333334,0.1332065738288774,0.6760566934848778,-0.2978325075632103,0.4472533066277409,16.859346929605504,1.2113978261834977,0.1332065738288774,225799ddff2477d1,1,0.7751308083534241,(x_flow_std_72*x_return_efficiency_288)|(x_flow_mean_12*x_volume_surprise_curve_3_12),-0.5|0.5,5,-0.27000564285327033,3,0.029751656741029215,0.13177046782743224,True,True,False,历史稳定,主动流与价格响应,x_flow_mean_12|x_flow_std_72|x_return_efficiency_288|x_volume_surprise_curve_3_12,m1_feature_available_time <= decision_time
BTC_LONG_39c4aa3f69b92e78_1d,279315,1d,5.0,99,3,-161.51195499296722,0.0440778121161542,20,14.943000617937226,0.8147908876551406,2.097055766844766,-0.0540883164673763,15.064082982626871,432.6583378306189,0.0466572830494106,117,33.91607142857143,0.1325707326752907,0.917771543334478,-0.1126897916348274,1.176421845777191,44.87377114146486,2.2696961805555556,0.1325707326752907,39c4aa3f69b92e78,1,1.7537811994552612,x_range_position_288|tanh(x_flow_sign_bias_288)|signed_sqrt(m1_flow_autocorr_240)|(x_flow_mean_12*x_return_sum_288),-1|1|0.5|-0.5,6,-0.06010579694014151,4,0.06927894016509609,0.28020744336627096,True,True,False,历史稳定,主动流持续与反转,m1_flow_autocorr_240|x_flow_mean_12|x_flow_sign_bias_288|x_range_position_288|x_return_sum_288,m1_feature_available_time <= decision_time
BTC_LONG_6e5a22a16dafcf43_12h,534206,12h,5.0,99,3,35.448257889405674,0.0340297898164197,30,22.41450092690584,0.2427569389012078,1.5248130441189789,-0.0376144087380249,6.453828387731685,106.68849458433743,0.0084863849703436,152,44.06190476190476,0.1323503789111348,0.864019868974081,-0.1280939865619136,1.033228666414906,35.961032991848995,1.9657767489711933,0.1323503789111348,6e5a22a16dafcf43,-1,1.199516773223877,x_return_efficiency_3|x_flow_sign_bias_288,1|-0.5,5,-0.04749036631641712,3,0.08440490272329551,0.30228975925826507,True,True,False,历史稳定,主动流与价格响应,x_flow_sign_bias_288|x_return_efficiency_3,m1_feature_available_time <= decision_time
BTC_LONG_023dd7bb9d6ce9ce_2d,10591,2d,5.0,99,4,38.47890268866128,0.0279281420088878,47,35.11605145215248,0.5030277651377411,1.489264566922769,-0.1709396781524885,2.9427209093549935,133.79631530228886,-0.0027765611395063,170,49.279761904761905,0.132131270960693,0.548127677364817,-0.4053925290843609,0.325934153890628,40.7667418823892,1.4033400643551353,0.132131270960693,023dd7bb9d6ce9ce,-1,1.335514783859253,x_flow_sign_bias_72|signed_sqrt(x_trade_surprise_288)|(x_flow_std_12*x_return_efficiency_3),-0.5|-0.5|-1,5,-0.18343097565198974,3,0.04592216321633622,0.19316313517928965,True,True,False,历史稳定,主动流与价格响应,x_flow_sign_bias_72|x_flow_std_12|x_return_efficiency_3|x_trade_surprise_288,m1_feature_available_time <= decision_time
BTC_LONG_4a5320eb6a3bcada_1d,359597,1d,5.0,99,3,-117.34630036201362,0.0762565685150285,49,36.610351513946206,0.51028058341795,1.394860747620452,-0.1423344213415996,3.5850820806956256,132.6599962114629,0.0348353359325825,102,29.567857142857143,0.1318351225415797,0.7179032944184868,-0.2517104554028626,0.5237570379449576,53.55670277533846,0.8076365268329554,0.1318351225415797,4a5320eb6a3bcada,-1,1.773927092552185,m1_realized_vol_60|tanh(x_flow_std_3)|tanh(m1_vwap_gap_mean_60)|signed_sqrt(x_close_location),-0.5|-0.5|-1|-0.5,6,-0.06821222243759617,3,0.07988741165765596,0.2874729913825894,True,True,False,历史稳定,成交重心与区间位置,m1_realized_vol_60|m1_vwap_gap_mean_60|x_close_location|x_flow_std_3,m1_feature_available_time <= decision_time
