factor_id,0,1,2,3,4,5,6
BTC_LONG_aad29e2812bcd407_2d,0.02705307116240674,0.23829362299326357,0.6998978469265051,0.1397420254538349,0.5988827708664388,0.5009231014444214,0.03385441426262542
BTC_LONG_8a7646dc5ccbd0f9_1d,0.3867631661633073,0.16079818303036514,0.3466552008192656,0.06551099270908906,0.4518959183797262,0.12359973503146393,0.08123185197805594
BTC_LONG_a18389afb4e8507e_2d,0.6595028844617519,0.05915640396888944,0.4498997289847267,-0.05868629797150826,0.43107456821599577,-0.012853147508321894,0.17833207674843243
BTC_LONG_774a2fa3bbfb3bcf_3d,-0.1508119948953715,-0.00944539585208548,0.7254639670157981,0.2541105545742141,0.1856981321826497,0.31113262583595885,0.3973189698926075
BTC_LONG_a67a467959c6c593_2d,0.2548998485449752,0.12453191325058866,0.5863232869983646,0.18423340759667844,0.1609016666969903,0.4201588866885735,-0.0344155792462546
BTC_LONG_69d7c8d06b8ae442_3d,0.649426977374609,-0.05232993748615239,0.8491834868252864,0.30902034989508026,-0.26807744484394247,0.2077276714428793,0.11572308038186274
BTC_LONG_18736382b197243b_3d,0.5763974553649243,-0.1925150578066061,0.1326597695096613,0.41896250670191526,0.2154922117409782,0.11705075235232387,0.4372122750093381
BTC_LONG_6e133e86c2c01d4b_3d,0.13961653594831552,0.26307427838124653,0.44346675753398956,0.19816437029726058,-0.11528894785558425,0.524105703169307,0.07445008350611726
BTC_LONG_bc8cc20c800b4673_3d,0.5073514418964065,0.2107559310415955,0.2806656261617618,0.023072407349334967,0.23136552227182056,0.23213136644272359,0.06353149775644884
BTC_LONG_5740defe528d6e16_2d,0.38864275964897377,-0.033383794761411734,0.3496087563091124,0.1415247618620522,0.504150870289926,0.16926285061439295,-0.03649309628188335
BTC_LONG_022fc44040f52195_3d,0.3062375891575836,0.06272259289863952,0.28823654486632905,0.1201410196075931,0.0007870190142976741,0.3386591794127582,0.41623178831360386
BTC_LONG_a800262f87cb7ffd_3d,0.31157236501015156,0.32739649993168524,0.34326424457671034,0.14499059356920385,-0.007080708555297466,0.12393323637033626,0.1647577025727624
BTC_LONG_665a553ed9e4f0c9_3d,0.6130360723607604,-0.1267213092632396,0.5166212315382489,0.2547294051540106,0.2509286335168387,0.024130534974406037,-0.06783964284091193
BTC_LONG_a7a53d44b1d1b10b_2d,0.28625398370566973,0.07071733919381146,0.09391947389268823,0.4487182241591028,0.37833696644095804,0.33453465138498656,-0.0850162593203358
BTC_LONG_32790d4266a3dbf2_2d,0.22609288647962544,-0.28026365118127167,0.3986007790079952,-0.06042047004393769,0.2991265855937846,0.5830087743784403,0.19555753666401815
BTC_LONG_81c364516a41a911_2d,0.21155555731164316,-0.26428184244829317,0.6327538437227213,0.1510059486558652,0.15293489347784422,0.3095529346946355,0.16626184797363658
BTC_LONG_7fefaf095239c223_12h,0.3909517066758654,0.02980140779409357,0.21966645364202553,-0.1240301700822368,0.2658879491546075,0.283334177856614,0.23452011725426597
BTC_LONG_ad3c541b70ce7c4c_3d,0.23369281103038403,0.14940452523178566,0.3493591035317189,0.19601990825099003,0.36789077654487085,0.29693965428107666,-0.17188476403068714
BTC_LONG_6e6fadb75ad48781_2d,0.14199468287609535,-0.012391226823224633,0.43229518161191044,0.09370912943320098,0.13694236604063897,0.2163564539373396,0.31256069943863013
BTC_LONG_978f94cff6100d1d_2d,-0.07652584376030674,-0.07990091529222909,0.32100495052636946,0.13326122370326682,0.18093215071565982,0.5097659635721659,0.4451189202220342
BTC_LONG_5d47cc6741d7c67e_2d,0.40620183441207214,-0.3214323245119276,0.41388091446340614,0.2557203643771862,0.09647868993241265,0.27612797608963563,0.24066351936077024
BTC_LONG_986eab606b120088_2d,0.34532624031592735,0.20580392631037592,0.24031682330740362,0.11034146860189825,0.11298938367783662,0.2784077122092374,-0.08294748199174606
BTC_LONG_3ebd17aa694e737f_3d,0.19372556025058374,0.004017471849371457,0.3613980243684034,0.047596080266350926,0.1145309989933963,0.17721049103079534,0.40696092876107964
BTC_LONG_8f4cb2e57d3d016e_3d,0.06102168491893123,0.15836527553209906,-0.12958595209400803,0.2893125561495497,0.13906645412886004,0.4368197121076039,0.4522260317228426
BTC_LONG_9d731ebe50ebbe65_3d,0.14912164065033967,-0.04091495774066656,0.35445030325420723,0.20012706488265064,-0.029623979315080373,0.47238536901800654,0.15178412913659628
BTC_LONG_53f081fb7aa13377_3d,0.23916572631377314,0.3830565289892648,-0.07744859330851295,-0.15612790607086519,0.27301513151005313,0.3466077168274898,0.2586819493473931
BTC_LONG_13ea5183446add0e_3d,-0.21506703150603468,0.10722946167051806,0.7926710875214131,0.19272626396235454,0.4112136895975314,-0.08945589253729358,0.12474447414496648
BTC_LONG_546aae11ff7d6499_2d,0.3168409058198073,0.003606089182335792,0.15691993010529026,0.03850478572206939,0.18532797690970787,0.2479951280178893,0.17235578706892812
BTC_LONG_6360988c96987bed_2d,-0.06900079282841282,0.15962958287310575,0.27673447889179315,0.2726363751943813,0.04413744624319338,0.22611088884581182,0.2622391466341157
BTC_LONG_3cd945806cc1e41e_2d,0.06901735976224105,0.31088322030779125,0.301487907190732,0.11002210823570435,-0.1265346228509286,0.15622552344085044,0.31328204881873917
BTC_LONG_ac1d6d98aba0a2cd_2d,-0.10951401251016102,0.4535975975862985,0.3794486946981226,0.24178877086061323,0.053253675729882655,0.18684033230408564,-0.04406083050154852
BTC_LONG_149214ecb27245d8_2d,0.011935315672480018,0.2712461224646032,0.18149515755189088,0.16891033926826748,-0.10666624084606824,0.3761695159714955,0.30212826826299105
BTC_LONG_290035753dfa1e36_2d,0.19602266977954025,0.14304886355382102,0.3988075201178668,0.29728799374163867,-0.0019599260522608075,0.26137541940870285,-0.12656436649328368
BTC_LONG_301412f1a92aaecd_3d,0.0002053860370206939,-0.2685854891643021,0.15069911603448954,0.22925516875950536,0.06359854053866293,0.7657069347043,0.09577572336476275
BTC_LONG_4a707af33475c4b3_12h,0.08147313001767748,-0.19847585906881027,0.3661132445334888,0.0666311123013602,0.09477190696607612,0.5200437017943036,0.13916898543866285
BTC_LONG_9bf33e9f6e490f1f_2d,0.20401570744326702,0.4121524080463818,0.19249667624349703,0.044982230920065036,-0.04963289517845104,0.38273031360023524,-0.023793970569247314
BTC_LONG_3d382c6b95774870_12h,0.21341112372389737,0.011262454527331437,0.02058456610031545,0.14916485730260887,0.3901584530734759,0.07894949289566533,0.1349837283812073
BTC_LONG_112acbae6242f1c5_1d,-0.20082053158661917,0.2513515167011029,0.2448716201783755,0.12100030473189677,0.07939336336155856,0.2329318212306441,0.3763528758044245
BTC_LONG_7e8a41a51ae079da_3d,0.20615279122583824,0.20368129855219008,0.303791567016546,0.02347276044180613,0.216524958842009,0.13858659089205783,0.020909882775898836
BTC_LONG_618010b07f5aeded_2d,0.1504738697749009,0.08143914846184291,0.4050695015060119,0.28829556324039357,0.014433480910144403,0.09676154923000424,0.016874137857296134
BTC_LONG_a1079e0a77d7f501_3d,0.08050852076422177,-0.07496512909305575,0.0686631912229948,0.23362013006507526,0.2619982176408344,0.14871695702431847,0.27648409526081524
BTC_LONG_bc16b6bea9830967_2d,0.21782020867764035,0.2504524013991383,0.217021000226646,0.08686896663475902,0.06293999997992356,0.09800697258015773,-0.03301662632080443
BTC_LONG_110acf71418c051c_1d,0.19579869858617205,0.33498873840308874,0.47866175725547366,0.12886654262462593,0.17757899634030455,-0.24435792746452162,-0.11677174548255925
BTC_LONG_7f23a3dead14afdf_1d,0.043838436917736145,-3.3380173327324236e-05,0.02777557668005204,0.08943876751699759,0.2456647707602082,0.15851182755935855,0.28373144626677127
BTC_LONG_6acdbb3b70568efb_1d,0.08368209733402238,0.17302035026888735,0.2643170009687811,0.06247425033871118,0.15082779656134854,0.0669512957799332,0.16702727806643763
BTC_LONG_25e9a00db8b7a09a_3d,-0.23684929246112757,0.33700745076997213,0.06640851577767493,0.19429464977857325,0.07787312964844811,0.32188751190625026,0.15558928498890756
BTC_LONG_25b726f17bdbc7e5_3d,-0.36444153318786243,0.10257405030171218,0.4393671365787365,0.09844581281889625,0.37842437873557355,0.2948242046280732,0.18093771130219355
BTC_LONG_21f85655a3d4dbed_2d,0.1300369561046495,-0.011072967534132006,0.07872799186781654,0.2520737732276147,-0.032692600145431905,0.3932463925344827,0.06958960460207636
BTC_LONG_66839828a010ad14_1d,-0.17255073694905837,-0.027279996290505704,0.2128580965738846,0.12653644561899235,0.41446521185351454,0.2344645139840869,0.12501312133278436
BTC_LONG_c1626e74d2f236cc_2d,0.045769943789833956,0.29484961153004363,0.0064968287976319705,0.003238250188055569,0.5889219290709445,0.20642831639140247,-0.08098285688183243
BTC_LONG_3872f77e98ff3b88_1d,0.05022361024789912,0.19187493763499608,0.1399866895893343,0.026434031087625598,0.10799294144949673,0.10408813883763185,0.1744554062859227
BTC_LONG_3327ddfbab14e535_1d,0.13406665463499062,0.0,0.18210560143246635,0.004453761438370785,0.14733021436067795,0.020741243095487638,0.31022713450068007
BTC_LONG_25abe5371fffe146_3d,0.06571897296844753,0.1281173838897784,0.129072180433203,0.21167401410740017,0.1819599296261193,-0.0035890160216602296,0.1538834081860615
BTC_LONG_234317c3f71f1454_2d,0.17388892474996254,0.1572383098846163,-0.002383283099232636,0.25335678889939656,-0.15149471723634267,0.3461490014401686,0.14988038160602063
BTC_LONG_54c24918a2d046b4_2d,-0.10265750572236526,0.13012310773338875,0.4328630355948506,0.16781071469965064,-0.04032044471082952,0.19411379240628657,0.02301698490398224
BTC_LONG_ac6867f81c702dfd_1d,0.09955902403226902,-0.02613085167547935,0.1273066655197978,-0.006701697836526847,0.07190146467287051,0.09556779067011173,0.40615654271624496
BTC_LONG_c5f939c61dde6693_1d,0.13229139629121456,-0.0404911382223857,0.3682892236985158,-0.03799623699101317,0.07286052335603976,0.2126570104061788,0.16429338756453232
BTC_LONG_6d14459a98f6eceb_2d,-0.007697515560895207,0.15159085325825744,-0.12306486729742488,0.06653445049943035,0.38690553373288067,0.2007568852646447,0.13175815220552572
BTC_LONG_5b55989455e686eb_2d,0.18847321920403964,0.11556979399960327,0.28155537418153176,-0.19458779202945176,0.10493520679889151,0.16508522768133277,0.12942497331557568
BTC_LONG_0777fdef3d9cb3fe_2d,0.2561019999064258,-0.10837948313329593,0.2309311715603482,0.13320351341384185,0.07675098032209315,0.11615201790651458,0.09416679706637132
BTC_LONG_09ea97ee62d22743_2d,0.03805144589467835,0.003989884207821093,0.11673581725974647,0.06309320628370113,0.005558277922947774,0.2578253598374742,0.3305061737915144
BTC_LONG_00496e0a18c5c27f_12h,0.14165225919335078,0.041930430106170036,-0.008773779850219099,0.03907941947150495,0.2281685379732497,-0.027983677436984433,0.2745057216429071
BTC_LONG_8c198db3ea178cb2_2d,0.1833608770107239,0.40955940955525105,0.30216335000001315,0.20341549979840806,0.034325880081085,-0.1170699730404352,-0.1549839264946622
BTC_LONG_5fcd25c8e6a72764_2d,0.10647578516105582,0.05710112195782091,0.4841096222564477,0.07670126918658454,-0.04864509034825232,0.09569927404617773,-0.062314767453782005
BTC_LONG_a7dad690be812564_3d,-0.014816686370856147,0.010968354822765536,0.44992139978848245,0.1042475309562414,0.22551976123543116,0.2543901227112444,-0.12707649025412715
BTC_LONG_1a18cc95e5440427_1d,0.15643250512078233,-0.0970072464194926,0.07886930237262502,-0.0014222520502694125,0.2701771720811491,0.03656810858774312,0.22812616954074727
BTC_LONG_9044a6d8eaac417b_1d,-0.09477083682269993,-0.025412750469886336,0.20833509528271504,0.07587621650791271,0.15863372392284797,0.20877129339828132,0.16829936487994568
BTC_LONG_3c323377de3e4078_3d,0.13485597297738983,-0.10554483115611946,0.1185615437239188,0.2304359593257026,0.13900269815041094,0.08941036836289967,0.08076435040461344
BTC_LONG_7633d7a44ab2b4b5_3d,0.12067353500065309,-0.1724974643699681,0.25551950960262737,0.31770122874786894,-0.13094544123574997,0.21838264431556037,0.11554982233465272
BTC_LONG_8d4a1327987b861e_12h,0.18268735158643978,0.01033702732278402,-0.03580465219932033,0.04581018482043781,0.1861221699070501,0.11380991499302867,0.09127218944037796
BTC_LONG_b69cfade287b0e6b_12h,0.17171245099941257,-0.020526429050253037,0.037283969325697386,-0.01729601894488869,0.09316283225953481,0.16462028016915325,0.16873505327180327
BTC_LONG_27cd54206caf7f3f_3d,-0.03628716243771091,0.43286170800523177,0.2048205862718851,0.18013584464209953,-0.20908805540047848,0.12748923469391032,0.07016004664353875
BTC_LONG_721f882d099afd18_3d,-0.35370540851129606,0.009871082053050872,0.2503487666614682,0.19350463993058914,0.3059841592990092,0.33177861376176004,-0.0700570584211117
BTC_LONG_94dd72fe1d374b6a_12h,0.3581091965947761,0.07909287165671047,0.23070903638670814,0.1161190280529561,0.042092922394243726,0.13789031028744853,-0.3200331321678023
BTC_LONG_8a84f7adec6f2c5d_12h,0.16382654737477875,0.029381857270132317,0.012306064632614633,0.15720969578535157,-0.09667043581637474,0.0033285212247200495,0.3712255559491544
BTC_LONG_044d4841e5e18788_2d,0.11280129376939929,0.07209623205762844,0.09999407355543694,-0.1118520107207977,0.04332257300691,0.17967053529195604,0.19077319304932833
BTC_LONG_b16e26d3230fb605_1d,0.27632274607956514,-0.38286882737283,0.4636831854290078,-0.015367935514414954,0.26210012658547754,0.014477849840579093,0.0955262450688969
BTC_LONG_8d967f7e7ca4eab1_2d,-0.35023962260685143,0.017118843648154136,0.030618456906884584,0.18978633259700056,0.09284789441084301,0.5135905943548539,0.15763973413422044
BTC_LONG_3fc88102a54ee0ad_12h,0.019392767669146438,0.23548934787741904,0.27530716593183774,0.15415764321550118,0.11044542012489073,-0.01883065364660974,-0.10824921493449163
BTC_LONG_68a3d0b0c63c3b13_2d,-0.06845527173201088,-0.12293664017568678,0.16592774820291312,0.2769807481439422,0.12293556361474633,0.1815431082678774,0.10152601723160626
BTC_LONG_82eb18af626016be_12h,0.2498036085821011,0.06652647944746332,-0.07974854922521457,0.12011934220316384,0.10611918514883417,0.19863010432081668,-0.08299566758842009
BTC_LONG_0fd6615935a42929_12h,-0.2744331585865525,0.126435131681354,0.14767022760388587,0.07558298786463608,0.08110977033821642,0.06155512881254832,0.41139573636011667
BTC_LONG_a92d11c420091618_3d,0.11538627770005283,-0.04564777678766896,0.045004214733473935,0.3230163890014377,0.14147549312648355,-0.046084568097147616,0.18779972819727142
BTC_LONG_3bf312a1be80dfa7_1d,-0.1661242817729301,0.12154461777752529,0.45028716120359147,0.21959382377780834,0.16126132757592265,-0.09052246993239077,0.010118811602409072
BTC_LONG_ac861e14bae89319_1d,0.057648136526263494,0.16011552574148946,0.04619504402830055,0.007461728800731426,0.07658298180218276,0.20603033539860632,-0.031030000127397206
BTC_LONG_06bafab89a238836_12h,-0.10022268533622386,0.019218854606647573,0.04666352943300678,0.027265624148438694,0.1821595862921615,0.12045493669519547,0.22604631541432557
BTC_LONG_a864e0a32e9d3bfb_2d,0.11681838372813746,0.30162379580100146,0.23718219334389062,-0.03163483528406197,-0.12127999165164349,0.17720722906838626,0.03126338584664429
BTC_LONG_0c7f2f1a3357a313_2d,0.030675110954792473,0.21007204732446133,0.05430149577459942,0.001548915785408611,0.13702315809961158,0.11252121579205587,-0.0045191278342945895
BTC_LONG_845287272ef90cce_1d,0.09406112206358042,0.05631908238614425,0.24893736443696063,0.010638384716006533,0.2094811945363591,-0.04612123168884563,-0.04241574765353323
BTC_LONG_7959fffc20283c3d_3d,-0.13553773635158933,0.011203683304771894,0.20086157375124547,0.07395764934831928,-0.013711917865754264,0.10213523698334187,0.326367540995699
BTC_LONG_19ec377e06899c5b_2d,0.03863232071651762,0.32927477073253947,-0.243600168236428,0.1922432593309224,0.3068649760976739,0.16526834234272253,-0.15991938970358271
BTC_LONG_724dd62221db474d_1d,0.3220622661390496,-0.006134576221032306,0.306494612129555,0.10222869532319717,-0.0979178528549966,0.030545291813984632,0.02225907435489005
BTC_LONG_b7542b0106e09467_1d,0.17351024074838578,-0.053297234551957506,0.3144150108812974,0.014955252538620456,-0.14544809824116395,0.09669941334186094,0.20013201471030467
BTC_LONG_6e2a45b1c1f2f36d_2d,-0.36969800311767986,0.05041194746167632,0.4369547066090292,0.19842960917705693,-0.1966548911081601,0.32033859711402973,0.16833506366018136
BTC_LONG_a5c815ef1d70fee7_12h,0.010503386632634004,0.031299386855169864,0.10099003101117171,0.23733541746966585,-0.0992678714028069,0.067010362603244,0.14556818357605017
BTC_LONG_225799ddff2477d1_12h,0.22295688787779194,0.02614107365941354,0.2031527958656087,-0.045092439958248735,0.2289268301076714,-0.27000564285327033,0.1486161520459121
BTC_LONG_39c4aa3f69b92e78_1d,0.16724488605224125,0.12120855354745308,-0.06010579694014151,0.09426759102651572,0.027645485548951854,0.0055571813033507556,0.11070522181676762
BTC_LONG_6e5a22a16dafcf43_12h,0.03774183038478518,0.02076254915505188,0.2901268421231893,0.11139158533893018,-0.04749036631641712,-0.019599861482493763,0.077675122273059
BTC_LONG_023dd7bb9d6ce9ce_2d,0.0899581231331692,-0.18343097565198974,0.36027285523862645,0.015464540781841285,-0.17368191739583816,0.2745987892820038,0.2248531966128035
BTC_LONG_4a5320eb6a3bcada_1d,0.006578292710606726,-0.06821222243759617,0.09434266199314673,0.028074858470714004,0.2554868346987179,0.08785131934816309,0.09115662352469989
